num,bdd,sub,age,sex,sco,sta,anc,job,deg,stc,enf,cho,lan,ste,su_1,su_2,su_3,su_4,su_5,su_6,su_7,su_8,su_9,su_10,su_11,su_12,su_13,su_14
1,1,1_1,1,1,3,1,0.5,,,,,,,,6,5,6,4,5,4,4,6,6,5,5,4,5,5
2,1,2_1,1,2,4,1,6,,,,,,,,5,5,6,6,4,6,5,5,5,5,5,5,6,5
3,1,3_1,3,1,4,1,1,,,,,,,,7,7,7,6,6,6,6,6,5,5,6,6,6,6
4,1,4_1,2,2,3,1,4,,,,,,,,5,5,6,4,5,6,5,5,6,7,6,4,5,5
5,1,5_1,2,1,3,1,1,,,,,,,,6,6,7,7,6,5,7,6,7,6,6,5,6,6
6,1,6_1,2,1,4,1,4.5,,,,,,,,6,5,6,4,5,5,6,5,5,4,5,4,5,5
7,1,7_1,3,1,4,,,,,,,,,,7,7,6,6,6,5,6,6,6,6,6,5,6,5
8,1,8_1,2,1,3,1,4,,,,,,,,4,6,6,3,6,3,4,4,5,6,4,5,5,5
9,1,9_1,1,1,4,1,5,,,,,,,,3,2,4,4,3,4,2,2,3,2,3,2,4,3
10,1,10_1,3,1,3,1,6,,,,,,,,,,,,,,,,,,,,,
11,1,11_1,3,1,4,1,10,,,,,,,,5,6,7,6,5,5,6,6,7,6,7,6,6,5
12,1,12_1,2,1,4,1,39,,,,,,,,6,4,6,7,6,5,5,5,6,6,6,4,6,6
13,1,13_1,3,2,3,1,3,,,,,,,,4,5,5,5,5,5,6,5,6,6,6,6,6,6
14,1,14_1,2,1,4,1,1,,,,,,,,,,,,,,,,,,,,,
15,1,15_1,2,1,3,1,6,,,,,,,,5,5,5,5,5,5,5,5,5,5,5,5,5,5
16,1,16_1,2,1,3,1,1,,,,,,,,4,3,4,2,3,3,3,2,3,3,2,2,1,3
17,1,17_1,2,1,5,1,20,,,,,,,,5,5,5,5,5,5,5,5,5,5,5,5,5,5
18,1,18_1,2,1,3,1,3,,,,,,,,2,3,6,6,2,4,2,2,6,4,6,2,6,4
19,1,19_1,1,1,3,1,5,,,,,,,,5,5,6,5,4,6,4,4,6,5,6,5,6,5
20,1,20_1,,,,,,,,,,,,,,,,,,,,,,,,,,
21,1,21_1,2,1,3,1,2,,,,,,,,4,5,6,6,5,4,4,4,5,5,5,4,4,4
22,1,22_1,3,1,3,1,5,,,,,,,,6,6,6,5,6,6,6,6,6,6,6,5,5,6
23,1,23_1,3,1,3,4,15,,,,,,,,5,6,7,6,7,7,7,7,7,7,6,6,6,6
24,1,24_1,2,1,3,1,0.75,,,,,,,,,,,,,,,,,,,,,
25,1,25_1,2,1,3,1,2.8,,,,,,,,5,5,7,4,3,4,6,5,7,6,6,4,5,5
26,1,26_1,2,1,4,1,6,,,,,,,,6,5,6,6,5,6,6,4,5,4,4,5,7,4
27,1,27_1,2,2,3,1,1,,,,,,,,6,5,7,6,7,6,6,7,7,7,7,6,6,7
28,1,28_1,1,1,3,1,2,,,,,,,,5,5,6,5,5,4,5,5,5,5,5,3,5,4
29,1,29_1,3,2,4,2,5,,,,,,,,,,,,,,,,,,,,,
30,1,30_1,2,1,4,1,4,,,,,,,,5,5,6,6,4,5,5,5,5,4,5,4,5,5
31,1,31_1,3,2,3,1,35,,,,,,,,5,6,7,6,6,6,6,6,7,6,6,5,6,6
32,1,32_1,2,1,3,1,4,,,,,,,,6,6,7,4,6,3,6,6,6,6,6,4,6,6
33,1,33_1,3,1,1,1,30,,,,,,,,1,2,7,2,3,3,1,2,6,6,6,2,2,6
34,1,34_1,3,1,3,1,24,,,,,,,,6,6,6,4,6,6,4,5,6,6,4,6,6,4
35,1,35_1,3,1,2,2,21,,,,,,,,6,6,6,5,5,4,7,7,6,6,6,5,6,6
36,1,36_1,4,2,3,1,6,,,,,,,,5,7,6,6,6,7,5,6,6,7,7,5,7,6
37,1,37_1,1,2,3,1,1,,,,,,,,,,,,,,,,,,,,,
38,1,38_1,3,1,4,1,28,,,,,,,,,,,,,,,,,,,,,
39,1,39_1,,,,,,,,,,,,,,,,,,,,,,,,,,
40,1,40_1,2,1,3,1,10.5,,,,,,,,5,5,6,3,5,5,5,5,6,6,6,5,6,6
41,1,41_1,1,1,3,1,10,,,,,,,,5,6,7,7,6,7,6,5,7,6,6,5,7,7
42,1,42_1,2,1,4,1,15,,,,,,,,4,3,7,3,2,5,3,4,7,3,7,3,7,6
43,1,43_1,2,1,4,1,2,,,,,,,,,,,,,,,,,,,,,
44,1,44_1,,,,,,,,,,,,,,,,,,,,,,,,,,
45,1,45_1,1,1,4,1,5,,,,,,,,,,,,,,,,,,,,,
46,1,46_1,1,1,4,1,1.7,,,,,,,,6,6,6,6,6,6,6,5,5,5,5,6,6,6
47,1,47_1,1,2,3,1,0.5,,,,,,,,6,5,5,6,6,5,7,7,7,7,7,5,6,7
48,1,48_1,2,2,3,1,14,,,,,,,,6,7,7,6,7,7,6,6,7,6,6,5,6,5
49,1,49_1,2,2,4,,2,,,,,,,,6,5,6,5,5,6,5,5,6,6,6,5,6,6
50,1,50_1,1,1,3,1,2,,,,,,,,,,,,,,,,,,,,,
51,1,51_1,3,1,3,1,2,,,,,,,,4,5,5,3,4,3,2,3,4,4,3,3,5,5
52,1,52_1,2,2,3,1,1,,,,,,,,6,6,6,6,6,6,6,6,6,6,5,5,5,5
53,1,53_1,2,1,3,1,45,,,,,,,,4,4,6,5,6,4,5,5,5,5,5,4,4,5
54,1,54_1,1,1,3,1,6,,,,,,,,4,7,7,7,7,7,4,4,7,7,7,4,7,7
55,1,55_1,2,1,3,1,4,,,,,,,,5,5,6,6,5,6,6,6,6,5,5,5,6,6
56,1,56_1,2,1,3,1,1,,,,,,,,,,,,,,,,,,,,,
57,1,57_1,3,2,3,1,5,,,,,,,,1,2,5,2,1,2,1,1,3,3,4,1,4,2
58,1,58_1,2,2,4,1,3,,,,,,,,6,6,6,6,6,6,6,6,6,6,6,6,6,6
59,1,59_1,1,1,3,1,4,,,,,,,,6,5,6,5,6,6,5,5,6,6,6,6,6,6
60,1,60_1,2,1,4,1,2,,,,,,,,6,6,7,6,7,6,7,7,6,6,7,6,6,7
61,1,61_1,2,1,3,1,3,,,,,,,,6,5,6,4,6,5,6,6,6,6,6,6,6,6
62,1,62_1,4,1,3,1,2,,,,,,,,5,6,6,6,6,6,5,6,6,6,6,5,6,6
63,1,63_1,1,1,3,1,0.33,,,,,,,,6,6,7,6,6,6,7,6,7,7,7,6,6,7
64,1,64_1,2,1,3,1,10,,,,,,,,4,5,7,3,5,6,4,5,7,7,7,4,7,5
65,1,65_1,2,1,3,1,3,,,,,,,,4,4,5,3,3,4,4,4,4,3,3,3,4,4
66,1,66_1,2,1,3,3,7,,,,,,,,4,3,3,4,4,5,3,3,4,4,5,3,4,5
67,1,67_1,1,2,3,1,1.5,,,,,,,,5,4,5,5,4,7,6,6,6,6,6,4,5,6
68,1,68_1,3,2,4,1,6,,,,,,,,6,6,6,6,6,6,6,6,6,6,6,6,6,6
69,1,69_1,3,1,3,1,25,,,,,,,,,,,,,,,,,,,,,
70,1,70_1,2,1,3,1,1,,,,,,,,5,6,7,3,7,7,7,7,7,7,7,5,7,7
71,1,71_1,2,1,3,1,9,,,,,,,,5,5,6,4,5,6,5,4,5,4,4,4,4,4
72,1,72_1,3,1,4,1,0.75,,,,,,,,6,6,7,5,7,7,7,7,6,6,6,5,6,6
73,1,73_1,2,1,3,1,5.5,,,,,,,,5,6,6,5,7,5,5,5,6,5,6,5,6,5
74,1,74_1,1,1,3,1,4,,,,,,,,5,6,6,6,5,5,5,6,7,7,7,5,7,7
75,1,75_1,2,1,3,1,3.5,,,,,,,,6,6,6,3,7,4,6,6,5,4,5,2,5,5
76,1,76_1,2,2,3,1,2,,,,,,,,7,7,7,6,5,5,7,7,7,7,7,5,6,7
77,1,77_1,3,1,3,1,7.5,,,,,,,,4,5,5,6,6,5,5,6,5,6,6,4,6,6
78,1,78_1,,,,,,,,,,,,,,,,,,,,,,,,,,
79,1,79_1,2,1,3,1,35,,,,,,,,6,6,6,6,6,6,5,5,6,5,5,5,6,5
80,1,80_1,2,1,4,1,12,,,,,,,,7,6,6,5,6,6,6,6,6,6,6,6,6,6
81,1,81_1,2,1,3,1,7,,,,,,,,3,3,5,2,2,5,1,2,5,3,3,2,5,3
82,1,82_1,2,1,3,1,1,,,,,,,,5,5,5,4,5,5,5,5,5,5,5,5,5,4
83,1,83_1,2,1,3,1,1,,,,,,,,6,6,6,6,6,5,7,6,7,7,6,5,6,6
84,1,84_1,2,2,3,1,14,,,,,,,,5,5,5,5,5,5,5,5,5,5,5,5,5,5
85,1,85_1,1,1,3,1,13,,,,,,,,5,5,5,5,5,5,5,5,5,5,5,6,6,6
86,1,86_1,3,1,3,1,0.5,,,,,,,,5,4,,4,4,5,5,5,5,5,5,4,5,5
87,1,87_1,4,1,2,1,28,,,,,,,,6,6,6,6,6,6,6,6,6,6,6,5,6,6
88,1,88_1,2,2,3,3,4,,,,,,,,6,5,7,6,5,5,4,6,7,7,7,5,7,7
89,1,89_1,3,1,3,1,45,,,,,,,,5,5,4,5,7,6,5,5,6,6,6,5,6,6
90,1,90_1,2,1,4,1,17,,,,,,,,5,3,4,4,3,3,3,4,4,4,4,3,3,3
91,1,91_1,4,1,3,1,1,,,,,,,,6,5,6,6,7,6,6,6,7,6,6,6,7,6
92,1,92_1,1,1,3,1,25,,,,,,,,6,6,7,5,5,6,7,7,6,6,7,5,6,7
93,1,93_1,,,,,,,,,,,,,,,,,,,,,,,,,,
94,1,94_1,2,1,3,1,10,,,,,,,,6,6,6,6,4,6,6,6,5,5,5,5,5,5
95,1,95_1,2,1,3,1,3,,,,,,,,6,7,7,7,7,6,7,7,7,6,7,6,7,7
96,1,96_1,3,1,3,1,16,,,,,,,,2,4,6,5,2,7,1,3,6,6,3,2,7,2
97,1,97_1,3,2,3,1,20,,,,,,,,5,6,7,6,7,6,6,6,6,5,6,4,6,6
98,1,98_1,1,1,4,1,1,,,,,,,,3,5,6,4,3,4,3,4,4,3,5,2,3,4
99,1,99_1,2,1,3,1,4,,,,,,,,6,6,6,5,6,5,6,6,6,5,6,5,6,6
100,1,100_1,1,2,3,1,1,,,,,,,,7,7,7,7,4,7,5,6,6,6,7,5,6,6
101,1,101_1,4,2,3,1,22,,,,,,,,5,5,6,5,4,5,4,4,4,3,3,4,3,4
102,1,102_1,3,1,3,1,30,,,,,,,,6,7,7,6,7,5,6,6,7,7,7,6,7,6
103,1,103_1,2,1,3,1,11,,,,,,,,6,6,6,6,5,6,5,5,5,5,5,6,6,5
104,1,104_1,2,1,3,1,6,,,,,,,,6,6,6,6,5,4,6,6,5,6,6,4,5,6
105,1,105_1,1,2,3,1,5,,,,,,,,6,6,6,6,6,6,6,6,7,5,6,4,6,7
106,1,106_1,2,1,4,1,1.5,,,,,,,,6,6,6,6,6,6,6,6,6,6,6,6,6,6
107,1,107_1,2,1,3,1,16,,,,,,,,6,5,5,5,4,4,5,5,5,5,5,4,5,5
108,1,108_1,2,1,3,1,2,,,,,,,,2,4,7,5,3,4,2,2,6,6,3,2,7,2
109,1,109_1,3,1,4,1,22,,,,,,,,6,4,5,6,6,5,7,7,7,7,7,6,6,6
110,1,110_1,2,1,3,1,6,,,,,,,,3,3,4,4,2,3,2,2,3,3,3,2,2,3
111,1,111_1,2,1,4,1,5,,,,,,,,7,7,7,5,7,7,7,4,7,5,6,5,7,6
112,1,112_1,2,1,3,1,25,,,,,,,,6,4,6,4,4,6,3,4,6,6,6,3,6,6
113,1,113_1,2,1,3,1,0.5,,,,,,,,,,,,,,,,,,,,,
114,1,114_1,2,1,3,1,6.5,,,,,,,,4,4,6,4,3,6,4,4,6,4,4,4,6,4
115,1,115_1,1,1,3,1,1.5,,,,,,,,6,7,7,7,6,6,6,6,5,6,6,5,5,6
116,1,116_1,3,1,3,1,5,,,,,,,,5,6,5,5,5,5,4,4,5,4,5,4,5,5
117,1,117_1,2,1,3,1,5,,,,,,,,6,5,6,6,5,6,6,6,6,6,6,4,6,6
118,1,118_1,1,1,3,3,8,,,,,,,,3,3,5,4,4,4,3,3,4,3,3,3,3,3
119,1,119_1,2,1,3,1,13,,,,,,,,7,7,7,6,7,7,7,6,7,7,7,7,7,7
120,1,120_1,3,1,3,1,31,,,,,,,,6,5,6,5,5,6,5,5,6,5,5,5,5,5
121,1,121_1,2,1,3,2,10,,,,,,,,5,4,4,4,3,4,4,2,4,3,3,5,4,3
122,1,122_1,,,,,,,,,,,,,,,,,,,,,,,,,,
123,1,123_1,2,1,5,1,20,,,,,,,,2,1,3,3,3,5,1,3,5,3,7,1,7,7
124,1,124_1,2,1,3,1,3,,,,,,,,4,5,5,5,4,5,5,4,5,5,5,3,4,5
125,1,125_1,3,2,3,1,22,,,,,,,,5,5,5,5,5,5,4,5,5,4,5,4,5,5
126,1,126_1,1,2,3,1,8,,,,,,,,,,,,,,,,,,,,,
127,1,127_1,3,1,4,1,4.5,,,,,,,,4,5,6,7,4,7,2,2,7,7,4,3,7,6
128,1,128_1,3,1,3,1,2,,,,,,,,4,4,5,4,4,3,4,3,3,3,3,4,4,3
129,1,129_1,3,2,3,1,5,,,,,,,,6,5,6,5,5,5,5,6,6,4,5,4,4,6
130,1,130_1,3,1,3,1,3,,,,,,,,,,,,,,,,,,,,,
131,1,131_1,1,2,3,1,3.7,,,,,,,,4,4,4,4,4,4,2,2,6,4,4,2,7,7
132,1,132_1,3,1,3,1,55,,,,,,,,7,7,7,7,7,7,7,7,7,7,4,5,7,7
133,1,133_1,2,1,3,1,2,,,,,,,,5,5,6,4,5,5,5,4,5,4,5,4,5,4
134,1,134_1,1,1,3,1,1.5,,,,,,,,7,7,7,7,7,7,7,7,7,7,7,5,7,7
135,1,135_1,2,2,3,1,11,,,,,,,,6,5,6,5,5,6,6,6,6,6,6,6,6,6
136,1,136_1,3,1,3,1,35,,,,,,,,5,5,5,5,5,5,5,5,5,5,5,5,5,5
137,1,137_1,2,1,3,1,3,,,,,,,,4,1,6,4,1,4,2,2,5,4,1,3,6,2
138,1,138_1,4,2,4,3,9,,,,,,,,7,7,6,7,6,6,7,6,5,5,5,7,6,5
139,1,139_1,2,1,3,1,15,,,,,,,,5,5,6,5,5,6,6,4,6,6,5,5,6,5
140,1,140_1,3,1,4,4,,,,,,,,,5,5,5,5,3,5,4,4,5,4,4,5,5,6
141,1,141_1,2,1,4,1,0.5,,,,,,,,5,3,5,5,6,5,6,,5,5,,5,5,5
142,1,142_1,1,1,4,1,11,,,,,,,,5,6,7,7,7,7,6,6,5,5,6,5,7,7
143,1,143_1,3,1,3,1,2,,,,,,,,4,2,5,3,4,4,3,3,5,3,4,2,4,4
144,1,144_1,3,2,3,1,4.5,,,,,,,,5,5,6,5,5,5,5,5,5,5,5,5,5,5
145,1,145_1,2,1,3,1,2,,,,,,,,3,3,3,3,3,3,3,3,3,3,3,3,4,3
146,1,146_1,,,,,,,,,,,,,,,,,,,,,,,,,,
147,1,147_1,3,1,3,1,15,,,,,,,,5,5,7,4,4,7,5,6,7,4,7,5,6,6
148,1,148_1,3,1,4,1,9,,,,,,,,6,6,6,6,6,6,6,6,7,7,6,5,6,6
149,1,149_1,3,2,3,1,20,,,,,,,,5,6,6,6,6,5,5,6,6,5,6,4,6,5
150,1,150_1,3,1,3,1,4,,,,,,,,2,2,5,4,2,4,2,2,2,2,2,2,3,2
151,1,151_1,2,1,3,1,25,,,,,,,,7,6,7,6,5,6,7,7,7,7,7,6,7,7
152,1,152_1,1,1,3,1,4,,,,,,,,6,7,7,7,6,6,7,7,6,6,7,4,6,6
153,1,153_1,1,1,3,1,3,,,,,,,,6,4,6,5,5,6,6,6,6,6,6,6,6,6
154,1,154_1,2,2,4,2,5,,,,,,,,5,6,7,6,5,6,5,5,6,6,6,4,6,5
155,1,155_1,1,1,3,3,0.33,,,,,,,,6,7,7,6,7,7,6,7,6,7,6,7,7,6
156,1,156_1,3,1,3,1,30,,,,,,,,6,5,6,4,5,7,5,4,6,6,6,5,6,5
157,1,157_1,2,1,4,1,3,,,,,,,,2,2,6,4,1,6,2,2,4,2,2,2,7,2
158,1,158_1,3,1,4,1,18,,,,,,,,5,5,5,5,5,5,5,5,5,5,5,4,5,5
159,1,159_1,1,1,3,1,4,,,,,,,,5,5,6,6,5,6,5,5,6,5,5,5,6,6
160,1,160_1,1,1,3,1,2,,,,,,,,5,5,5,5,5,5,3,3,5,5,5,5,5,5
161,1,161_1,1,1,3,1,15,,,,,,,,5,4,6,5,4,5,3,3,6,6,6,5,4,3
162,1,162_1,2,2,3,1,8,,,,,,,,5,4,5,4,3,4,2,2,5,2,3,2,4,2
163,1,163_1,3,2,4,1,6,,,,,,,,7,7,7,7,7,5,7,7,7,7,7,5,7,7
164,1,164_1,2,1,4,1,3,,,,,,,,2,6,7,4,3,5,3,2,4,2,5,1,6,4
165,1,165_1,2,1,4,1,2,,,,,,,,3,3,6,3,3,3,3,3,5,3,5,1,7,4
166,1,166_1,1,1,3,1,35,,,,,,,,6,6,6,4,6,6,5,5,6,6,6,5,6,5
167,1,167_1,1,1,3,1,1,,,,,,,,5,5,6,3,4,5,6,5,5,5,5,4,5,5
168,1,168_1,4,1,4,1,26,,,,,,,,5,5,6,6,5,6,6,6,5,5,6,5,4,5
169,1,169_1,2,2,3,1,2,,,,,,,,5,6,5,6,5,3,4,4,4,5,4,3,2,4
170,1,170_1,2,1,4,1,15,,,,,,,,4,3,4,4,3,4,3,3,4,4,3,3,4,3
171,1,171_1,3,1,3,1,5,,,,,,,,7,7,7,7,7,7,7,7,7,7,7,7,7,7
172,1,172_1,2,1,4,1,85,,,,,,,,6,6,7,6,5,5,6,5,6,5,6,6,6,6
173,1,173_1,2,1,3,1,0.5,,,,,,,,6,6,6,4,5,5,5,5,6,5,5,4,5,5
174,1,174_1,2,2,3,1,10,,,,,,,,5,5,5,5,5,5,6,6,7,6,5,5,5,6
175,1,175_1,3,2,3,1,5,,,,,,,,3,4,5,6,4,6,3,4,5,3,5,4,5,5
176,1,176_1,2,1,3,1,6,,,,,,,,5,6,6,6,6,6,5,5,6,6,6,4,6,6
177,1,177_1,1,2,3,1,,,,,,,,,5,4,7,5,4,7,5,5,4,5,5,4,6,6
178,1,178_1,2,1,4,1,5.5,,,,,,,,3,6,6,6,3,6,3,2,6,6,6,2,6,2
179,1,179_1,1,1,3,1,5,,,,,,,,7,6,7,6,5,5,7,5,6,6,5,7,6,6
180,1,180_1,3,1,3,1,11,,,,,,,,5,5,6,5,4,6,4,5,5,5,6,4,5,6
181,1,181_1,2,1,3,1,11,,,,,,,,5,5,5,5,3,5,5,5,5,5,4,4,5,5
182,1,182_1,3,2,3,1,14,,,,,,,,7,7,7,7,7,7,7,7,7,7,7,6,7,7
183,1,183_1,3,1,3,1,31,,,,,,,,5,5,5,5,5,4,4,4,5,5,5,5,7,5
184,1,184_1,2,1,3,1,3,,,,,,,,5,7,,5,4,7,6,6,6,6,6,6,6,6
185,1,185_1,3,2,3,1,2,,,,,,,,6,5,6,6,6,6,5,6,6,6,6,5,6,6
186,1,186_1,2,1,4,1,2.5,,,,,,,,6,5,6,5,6,5,6,5,6,6,6,6,6,6
187,1,187_1,2,1,3,1,6,,,,,,,,4,3,5,2,3,3,3,3,5,3,5,3,5,5
188,1,188_1,3,1,4,1,2,,,,,,,,,,,,,,,,,,,,,
189,1,189_1,2,1,3,1,3.5,,,,,,,,,,,,,,,,,,,,,
190,1,190_1,2,1,4,1,35,,,,,,,,7,7,7,7,7,7,6,6,6,6,6,6,6,6
191,1,191_1,,,,,,,,,,,,,,,,,,,,,,,,,,
192,1,192_1,2,1,3,1,16,,,,,,,,7,7,7,7,7,7,7,7,7,7,7,7,7,7
193,1,193_1,3,1,4,1,6,,,,,,,,7,6,6,6,7,6,7,7,7,7,7,7,7,7
194,1,194_1,2,1,3,1,2,,,,,,,,5,5,5,5,4,6,6,5,6,5,5,3,5,5
195,1,195_1,3,2,3,1,3,,,,,,,,6,6,6,5,4,6,5,5,6,6,6,6,6,6
196,1,196_1,2,1,3,1,2,,,,,,,,4,3,4,3,3,5,4,2,4,4,4,3,4,4
197,1,197_1,4,2,3,1,1,,,,,,,,6,7,7,6,6,6,7,7,6,7,7,5,6,6
198,1,198_1,2,2,3,1,1.5,,,,,,,,6,5,7,6,5,,6,5,5,5,5,6,4,5
199,1,199_1,2,1,3,1,1,,,,,,,,5,5,6,4,5,5,5,5,4,5,5,5,5,4
200,1,200_1,1,1,4,1,4,,,,,,,,5,6,6,6,6,7,7,7,7,7,7,5,7,7
201,1,201_1,3,1,3,1,6,,,,,,,,,,,,,,,,,,,,,
202,1,202_1,2,1,4,2,1,,,,,,,,3,4,5,5,4,4,3,3,4,4,3,3,5,4
203,1,203_1,3,2,5,3,21,,,,,,,,6,6,7,5,7,5,7,7,7,7,7,7,7,7
204,1,204_1,2,1,3,1,45,,,,,,,,3,5,5,6,5,6,5,5,4,5,,3,6,5
205,1,205_1,2,1,4,1,0.9,,,,,,,,5,4,6,6,3,5,5,5,5,6,6,4,6,5
206,1,206_1,2,1,3,1,4,,,,,,,,6,5,6,5,5,5,6,4,5,5,5,6,6,6
207,1,207_1,2,1,3,1,3,,,,,,,,6,4,6,6,5,5,5,3,6,6,4,5,6,3
208,1,208_1,3,1,4,1,2,,,,,,,,5,5,7,6,5,6,5,5,6,6,6,5,6,6
209,1,209_1,3,2,3,1,2,,,,,,,,6,7,7,6,5,6,6,7,7,6,6,6,6,6
210,1,210_1,3,1,3,1,22,,,,,,,,4,5,5,4,5,4,6,5,5,5,5,3,5,5
211,1,211_1,1,1,3,1,6,,,,,,,,,,,,,,,,,,,,,
212,1,212_1,1,1,3,1,3,,,,,,,,,,,,,,,,,,,,,
213,1,213_1,,,,,,,,,,,,,,,,,,,,,,,,,,
214,1,214_1,2,2,4,1,2,,,,,,,,6,5,6,7,6,,6,5,7,7,6,5,6,5
215,1,215_1,3,2,3,1,13,,,,,,,,3,3,6,3,3,4,3,4,4,3,4,3,3,3
216,1,216_1,2,1,3,1,6,,,,,,,,6,4,5,5,5,4,4,4,5,5,5,5,6,5
217,1,217_1,4,1,4,1,5,,,,,,,,6,6,6,6,5,5,5,6,6,5,6,5,5,6
218,1,218_1,2,1,3,1,10,,,,,,,,6,5,5,5,4,5,5,5,5,5,4,4,4,5
219,1,219_1,1,1,3,1,0.5,,,,,,,,7,7,7,7,6,6,6,6,6,6,6,5,6,6
220,1,220_1,1,1,3,1,0.75,,,,,,,,6,6,6,4,3,5,5,6,5,5,5,4,6,6
221,1,221_1,3,1,3,1,4,,,,,,,,6,6,6,6,5,6,5,6,6,6,6,6,6,6
222,1,222_1,3,1,4,1,3,,,,,,,,2,4,5,3,3,5,4,2,6,7,6,1,6,2
223,1,223_1,2,1,3,1,0.4,,,,,,,,4,4,5,4,4,5,4,5,5,5,5,4,5,5
224,1,224_1,1,1,3,1,1,,,,,,,,7,7,6,5,7,6,6,5,5,6,6,7,6,4
225,1,225_1,2,1,3,1,7,,,,,,,,5,6,7,5,5,6,5,5,6,6,6,4,6,6
226,1,226_1,2,1,3,1,11.5,,,,,,,,6,6,6,6,6,6,6,6,6,6,6,6,6,6
227,1,227_1,3,1,4,1,4,,,,,,,,4,3,4,6,4,6,4,4,6,6,6,3,5,6
228,1,228_1,3,1,3,1,28,,,,,,,,5,6,7,5,6,6,6,5,6,6,6,6,6,6
229,1,229_1,2,2,4,1,3,,,,,,,,4,5,5,5,4,5,4,4,5,5,4,3,5,4
230,1,230_1,3,2,2,1,8,,,,,,,,7,5,6,7,7,7,6,6,6,7,6,5,7,7
231,1,231_1,2,1,3,1,14,,,,,,,,5,6,6,5,5,6,5,5,6,5,6,5,6,6
232,1,232_1,,,,,,,,,,,,,,,,,,,,,,,,,,
233,1,233_1,3,2,3,1,31,,,,,,,,,,,,,,,,,,,,,
234,1,234_1,2,1,3,1,5,,,,,,,,5,2,5,3,3,3,3,3,3,3,3,2,6,3
235,1,235_1,1,1,3,1,21,,,,,,,,7,6,6,6,6,6,6,6,6,6,6,6,6,6
236,1,236_1,,,,,,,,,,,,,,,,,,,,,,,,,,
237,1,237_1,2,1,3,1,5,,,,,,,,6,6,6,6,5,6,5,6,5,6,6,4,5,5
238,1,238_1,2,1,3,1,1,,,,,,,,5,6,5,4,5,5,5,5,6,5,6,4,6,5
239,1,239_1,2,1,3,1,45,,,,,,,,6,6,7,6,6,6,7,6,6,6,6,4,6,6
240,1,240_1,,,,,,,,,,,,,,,,,,,,,,,,,,
241,1,241_1,2,1,3,1,7,,,,,,,,5,3,6,6,6,6,6,6,6,6,5,3,6,6
242,1,242_1,2,1,4,1,2,,,,,,,,2,1,5,3,1,4,2,1,4,3,4,2,3,1
243,1,243_1,4,2,3,4,,,,,,,,,,,,,,,,,,,,,,
244,1,244_1,2,1,3,1,75,,,,,,,,1,2,4,6,2,3,1,2,2,2,2,2,5,2
245,1,245_1,2,1,4,1,17,,,,,,,,5,4,5,5,4,5,5,5,5,5,5,4,5,5
246,1,246_1,2,2,4,2,35,,,,,,,,3,5,7,2,4,4,2,2,4,3,2,4,6,4
247,1,247_1,3,1,3,1,29,,,,,,,,4,6,6,4,4,3,4,4,5,5,6,5,5,5
248,1,248_1,,,,,,,,,,,,,,,,,,,,,,,,,,
249,1,249_1,2,1,4,1,25,,,,,,,,4,6,7,5,7,5,5,6,,5,5,4,5,5
250,1,250_1,2,1,3,1,10,,,,,,,,6,6,6,5,6,6,6,6,6,6,6,6,6,6
251,1,251_1,1,1,5,1,1,,,,,,,,6,6,7,7,5,6,5,4,5,4,5,4,5,4
252,1,252_1,2,1,4,1,1,,,,,,,,5,6,6,6,5,4,4,5,6,5,5,4,5,6
253,1,253_1,4,1,3,1,9,,,,,,,,,,,,,,,,,,,,,
254,1,254_1,2,2,4,1,4,,,,,,,,6,6,7,7,5,6,7,6,6,7,7,5,6,6
255,1,255_1,1,2,3,1,10,,,,,,,,5,5,5,4,4,4,3,5,4,3,4,4,4,4
256,1,256_1,3,1,3,1,5,,,,,,,,2,4,5,2,3,4,2,3,5,3,3,3,4,2
257,1,257_1,2,1,5,1,2,,,,,,,,6,5,6,5,6,6,6,,,,,,,
258,1,258_1,2,1,2,1,9,,,,,,,,6,7,7,7,5,6,6,6,7,6,6,6,6,6
259,1,259_1,1,2,4,1,15,,,,,,,,2,3,3,2,3,2,2,3,2,2,2,2,2,2
260,1,260_1,2,1,4,1,55,,,,,,,,7,6,7,7,7,6,7,7,7,7,7,6,7,7
261,1,261_1,1,1,3,1,4,,,,,,,,7,7,7,7,6,6,6,5,7,5,5,6,6,5
262,1,262_1,1,1,3,1,45,,,,,,,,,,,,,,,,,,,,,
263,1,263_1,3,1,5,1,8,,,,,,,,2,2,7,2,2,2,2,2,2,2,2,2,7,2
264,1,264_1,4,1,3,1,8,,,,,,,,3,4,5,4,3,6,2,3,3,4,5,3,6,3
265,1,265_1,3,1,3,1,15,,,,,,,,,,,,,,,,,,,,,
266,1,266_1,4,1,3,1,5,,,,,,,,7,7,7,7,7,7,7,7,7,7,7,7,7,7
267,1,267_1,2,1,4,1,10,,,,,,,,6,6,7,6,7,7,7,7,7,7,7,7,7,7
268,1,268_1,3,2,4,1,24,,,,,,,,5,4,6,5,6,6,5,6,6,7,6,5,6,6
269,1,269_1,4,2,4,1,2,,,,,,,,4,3,5,4,3,4,3,4,4,3,3,3,4,3
270,1,270_1,2,1,4,1,5,,,,,,,,6,5,5,5,5,5,6,5,5,5,5,4,5,5
271,1,271_1,3,2,4,1,5,,,,,,,,6,6,6,6,6,6,5,5,6,5,6,6,6,6
272,1,272_1,2,2,4,1,2,,,,,,,,5,6,7,6,7,7,4,2,7,6,6,4,7,6
273,1,273_1,4,2,5,2,33,,,,,,,,5,6,6,6,5,6,5,6,5,5,6,5,6,6
274,1,274_1,1,1,3,1,2,,,,,,,,2,3,4,3,2,4,2,3,3,3,4,2,4,3
275,1,275_1,1,2,4,2,3,,,,,,,,7,6,5,6,6,6,6,6,6,6,6,6,6,6
276,1,276_1,2,2,3,1,1,,,,,,,,7,5,6,4,5,5,5,6,6,5,7,4,6,6
277,1,277_1,2,1,4,1,5,,,,,,,,4,5,6,4,4,4,4,4,,4,5,4,5,5
278,1,278_1,2,2,3,1,7,,,,,,,,5,5,5,,4,5,5,4,5,5,5,5,5,5
279,1,279_1,3,1,3,1,13,,,,,,,,5,5,6,6,6,7,6,7,7,6,7,5,6,6
280,1,280_1,3,1,3,1,7,,,,,,,,6,5,6,6,7,6,7,6,6,6,6,5,6,6
281,1,281_1,2,1,3,1,4,,,,,,,,,,,,,,,,,,,,,
282,1,282_1,2,1,3,3,5,,,,,,,,,,,,,,,,,,,,,
283,1,283_1,1,1,3,3,75,,,,,,,,,,,,,,,,,,,,,
284,1,284_1,2,2,3,1,7,,,,,,,,6,6,6,6,6,6,6,6,5,,6,6,6,6
285,1,285_1,4,1,4,1,8,,,,,,,,6,7,6,6,7,6,7,7,7,5,6,6,,7
286,1,286_1,1,1,4,1,3,,,,,,,,6,6,6,6,7,6,6,6,7,6,6,5,7,6
287,1,287_1,2,2,3,1,15,,,,,,,,2,2,6,2,1,1,1,1,6,2,2,2,2,2
288,1,288_1,3,2,3,3,23,,,,,,,,6,5,6,5,5,6,6,7,6,6,6,5,6,6
289,1,289_1,1,1,3,1,2.5,,,,,,,,2,2,5,1,1,5,2,1,4,3,5,1,4,3
290,1,290_1,3,1,3,1,3,,,,,,,,7,7,7,5,7,7,7,7,7,7,7,6,7,7
291,1,291_1,3,1,5,1,5,,,,,,,,7,5,7,7,7,6,6,6,6,6,6,6,6,6
292,1,292_1,4,1,4,1,38,,,,,,,,7,7,7,7,7,7,7,7,7,7,7,7,7,7
293,1,293_1,2,1,3,1,5,,,,,,,,6,5,5,5,6,6,5,6,6,5,6,5,6,6
294,1,294_1,2,1,4,1,2,,,,,,,,3,7,7,7,3,6,2,3,6,6,4,2,6,4
295,1,295_1,3,1,4,1,15,,,,,,,,,,,,,,,,,,,,,
296,1,296_1,2,1,3,1,1,,,,,,,,5,6,6,6,6,6,5,7,5,4,6,4,5,6
297,1,297_1,3,2,3,4,12,,,,,,,,2,2,7,7,2,2,2,2,7,7,7,2,7,2
298,1,298_1,3,1,3,1,11,,,,,,,,5,4,6,3,3,2,3,2,6,2,3,3,3,2
299,1,299_1,2,2,3,1,25,,,,,,,,7,7,6,4,3,5,5,5,7,6,5,4,6,5
300,1,300_1,1,1,3,3,15,,,,,,,,5,4,6,5,3,5,4,4,5,4,4,3,4,5
301,1,301_1,1,1,3,1,75,,,,,,,,6,6,7,4,6,6,5,4,6,5,5,4,6,5
302,1,302_1,2,1,4,1,25,,,,,,,,6,6,6,6,5,6,6,6,6,5,6,6,6,6
303,1,303_1,2,1,3,1,1,,,,,,,,3,3,5,3,5,6,3,3,5,3,2,2,5,4
304,1,304_1,4,2,3,4,5,,,,,,,,,,,,,,,,,,,,,
305,1,305_1,2,1,3,1,6,,,,,,,,6,6,6,6,5,5,6,6,5,5,6,5,6,6
306,1,306_1,1,1,3,4,3,,,,,,,,3,3,6,3,1,4,1,3,4,3,4,4,2,2
307,1,307_1,1,1,5,2,25,,,,,,,,4,3,5,5,4,5,3,3,5,4,5,4,6,5
308,1,308_1,4,2,4,3,5,,,,,,,,5,4,6,4,4,5,4,4,5,5,4,4,5,5
309,1,309_1,2,1,3,1,75,,,,,,,,,,,,,,,,,,,,,
310,1,310_1,1,1,4,3,75,,,,,,,,5,7,7,7,6,7,7,7,7,5,7,7,4,7
311,1,311_1,1,1,4,1,2.5,,,,,,,,5,6,7,5,7,6,5,7,6,6,6,5,6,6
312,1,312_1,1,1,3,4,,,,,,,,,,,,,,,,,,,,,,
313,1,313_1,1,2,3,1,45,,,,,,,,6,5,6,3,2,5,3,4,5,5,5,3,5,3
314,1,314_1,3,1,3,4,,,,,,,,,,,,,,,,,,,,,,
315,1,315_1,3,1,3,2,6,,,,,,,,5,4,6,5,3,5,5,6,6,4,6,5,6,7
316,1,316_1,3,1,4,1,10,,,,,,,,,,,,,,,,,,,,,
317,1,317_1,2,1,3,1,5,,,,,,,,5,5,6,5,5,6,5,5,5,5,5,5,5,5
318,1,318_1,1,1,3,1,55,,,,,,,,5,5,5,5,5,5,5,5,5,5,5,5,5,5
319,1,319_1,1,1,3,1,5,,,,,,,,,,,,,,,,,,,,,
320,1,320_1,1,2,3,1,2,,,,,,,,5,5,6,5,5,6,5,5,7,5,5,6,5,5
321,1,321_1,3,1,4,1,6,,,,,,,,5,4,5,4,6,6,5,5,5,3,4,3,4,5
322,1,322_1,2,1,4,1,11,,,,,,,,6,6,6,6,5,6,6,6,6,6,6,5,6,6
323,1,323_1,2,2,4,1,3,,,,,,,,4,4,7,6,4,6,5,4,6,4,4,4,5,4
324,1,324_1,1,1,4,1,7,,,,,,,,6,6,6,5,6,5,6,6,6,6,6,5,6,6
325,1,325_1,2,1,3,1,1,,,,,,,,,,,,,,,,,,,,,
326,1,326_1,2,1,4,1,4,,,,,,,,5,5,6,6,6,6,5,4,6,5,4,6,6,5
327,1,327_1,3,2,3,1,2,,,,,,,,3,4,6,5,3,5,2,4,5,5,4,3,6,4
328,1,328_1,1,1,4,1,25,,,,,,,,,,,,,,,,,,,,,
329,1,329_1,1,1,3,1,10,,,,,,,,,,,,,,,,,,,,,
330,1,330_1,2,1,3,1,27,,,,,,,,5,6,5,5,4,5,4,5,5,5,5,5,5,4
331,1,331_1,1,1,3,1,25,,,,,,,,6,6,6,6,6,5,6,6,6,6,6,6,6,6
332,1,332_1,,,,,,,,,,,,,,,,,,,,,,,,,,
333,1,333_1,2,1,3,1,11,,,,,,,,3,3,5,3,3,5,3,3,6,3,6,3,3,6
334,1,334_1,2,2,4,1,5,,,,,,,,3,4,5,3,5,6,3,5,5,5,5,3,5,5
335,1,335_1,2,2,4,1,1.5,,,,,,,,7,5,7,6,5,7,6,6,6,7,7,6,7,6
336,1,336_1,3,1,4,1,16,,,,,,,,6,6,7,5,6,4,6,6,5,6,6,5,6,6
337,1,337_1,2,1,3,1,12,,,,,,,,6,6,6,5,6,5,6,7,6,6,6,5,6,7
338,1,338_1,1,1,3,1,3,,,,,,,,4,3,6,4,3,7,2,3,3,2,3,2,4,2
339,1,339_1,1,1,3,1,5,,,,,,,,3,5,4,5,3,2,2,2,3,4,4,2,3,3
340,1,340_1,2,1,3,3,0.5,,,,,,,,2,7,7,4,4,7,2,2,7,7,7,2,7,7
341,1,341_1,1,1,3,2,0.75,,,,,,,,,,,,,,,,,,,,,
342,1,342_1,2,2,4,1,4.5,,,,,,,,,,,,,,,,,,,,,
343,1,343_1,4,2,3,1,12,,,,,,,,5,4,6,,4,3,5,6,3,4,5,2,4,5
344,1,344_1,3,1,3,1,3,,,,,,,,3,6,6,6,6,6,6,6,5,5,6,3,5,6
345,1,345_1,3,1,3,1,55,,,,,,,,,,,,,,,,,,,,,
346,1,346_1,2,1,4,1,4,,,,,,,,4,4,6,4,4,5,4,4,5,4,5,4,5,5
347,1,347_1,1,1,3,1,2,,,,,,,,6,6,6,6,6,6,5,5,6,6,5,5,5,5
348,1,348_1,2,1,5,1,6,,,,,,,,6,6,6,5,6,6,6,6,6,6,6,5,6,6
349,1,349_1,2,1,3,1,11,,,,,,,,4,5,5,4,2,3,4,3,5,4,4,2,4,4
350,1,350_1,2,2,4,1,5,,,,,,,,4,6,7,5,6,6,4,3,7,5,4,5,6,6
351,1,351_1,1,1,3,1,3,,,,,,,,1,2,7,3,4,5,2,3,5,4,6,1,5,5
352,1,352_1,3,1,4,1,11,,,,,,,,7,7,7,7,7,7,7,7,7,7,7,6,7,7
353,1,353_1,2,1,4,1,4,,,,,,,,6,6,7,7,7,7,6,5,7,6,6,5,7,6
354,1,354_1,2,2,4,3,3,,,,,,,,4,4,2,1,2,2,4,3,3,3,4,3,4,3
355,1,355_1,3,2,3,1,10,,,,,,,,7,7,6,6,4,6,4,5,6,6,6,5,7,6
356,1,356_1,2,1,3,1,6,,,,,,,,6,5,6,4,5,5,5,5,6,5,6,4,6,6
357,1,357_1,2,1,4,1,5,,,,,,,,2,3,4,4,3,3,3,4,4,2,3,2,3,3
358,1,358_1,2,1,4,1,1,,,,,,,,3,3,4,5,3,6,3,3,5,3,3,3,6,3
359,1,359_1,4,2,4,3,0.5,,,,,,,,7,7,7,5,7,7,4,5,4,7,6,6,6,6
360,1,360_1,2,2,4,1,3,,,,,,,,5,7,7,6,6,7,7,7,7,7,7,4,6,6
361,1,361_1,3,2,3,1,32,,,,,,,,,,,,,,,,,,,,,
362,1,362_1,3,1,3,1,4,,,,,,,,5,5,6,6,4,4,5,5,6,6,6,4,6,6
363,1,363_1,4,2,3,1,7,,,,,,,,6,7,7,5,6,7,6,6,6,7,6,6,6,6
364,1,364_1,3,1,4,1,1,,,,,,,,3,3,5,3,3,5,3,3,3,3,3,3,3,3
365,1,365_1,1,1,3,1,25,,,,,,,,7,7,7,6,6,6,6,6,6,6,6,7,6,6
366,1,366_1,1,1,3,3,0.25,,,,,,,,2,2,5,2,3,3,2,2,3,2,2,2,6,2
367,1,367_1,3,1,4,1,2,,,,,,,,4,3,4,5,4,5,3,3,5,5,5,,6,5
368,1,368_1,2,1,3,1,6,,,,,,,,6,5,6,5,6,5,6,6,6,6,6,5,5,6
369,1,369_1,3,1,4,1,11,,,,,,,,,,,,,,,,,,,,,
370,1,370_1,2,1,4,1,4,,,,,,,,5,6,6,6,4,4,5,5,6,6,6,5,6,5
371,1,371_1,2,1,4,1,3,,,,,,,,3,3,5,,2,5,3,3,3,3,3,2,6,5
372,1,372_1,2,,3,1,0.5,,,,,,,,,,,,,,,,,,,,,
373,1,373_1,2,1,4,1,10,,,,,,,,5,5,6,5,6,6,6,6,6,5,6,5,6,6
374,1,374_1,2,2,4,1,7,,,,,,,,4,5,5,5,5,5,3,4,5,4,4,4,4,4
375,1,375_1,1,2,4,1,2,,,,,,,,6,5,6,6,7,6,6,6,6,5,6,6,6,6
376,1,376_1,2,2,4,1,15,,,,,,,,6,6,7,6,6,6,7,7,6,6,7,6,6,7
377,1,377_1,2,1,3,1,8,,,,,,,,4,3,6,4,3,5,3,3,6,4,4,3,4,4
378,1,378_1,1,1,4,1,7,,,,,,,,6,6,7,7,6,7,6,6,7,7,7,7,7,7
379,1,379_1,1,1,3,1,5,,,,,,,,5,6,6,5,5,6,5,5,6,5,5,5,5,6
380,1,380_1,4,1,4,1,10,,,,,,,,2,2,2,3,3,3,3,3,2,2,2,3,2,3
381,1,381_1,,,,,,,,,,,,,,,,,,,,,,,,,,
382,1,382_1,2,1,3,1,14,,,,,,,,6,6,6,6,5,6,7,7,7,7,7,6,6,7
383,1,383_1,2,1,3,1,4,,,,,,,,5,5,5,6,5,6,6,6,6,6,5,5,6,5
384,1,384_1,2,1,3,1,11,,,,,,,,5,5,5,4,6,6,5,6,5,5,6,5,5,5
385,1,385_1,2,2,3,1,5,,,,,,,,3,5,7,1,6,5,5,6,7,4,6,3,5,6
386,1,386_1,2,1,4,1,8,,,,,,,,5,5,5,4,4,5,4,5,5,5,5,5,5,5
387,1,387_1,1,1,3,1,25,,,,,,,,6,6,7,5,6,7,7,7,7,7,7,6,6,7
388,1,388_1,2,2,3,1,9,,,,,,,,5,6,6,6,6,3,6,6,6,7,6,5,6,6
389,1,389_1,2,1,3,1,65,,,,,,,,3,3,6,4,6,7,4,5,6,5,5,3,6,3
390,1,390_1,3,1,3,1,1,,,,,,,,6,6,6,6,5,7,6,5,7,6,6,4,6,6
391,1,391_1,2,1,4,1,35,,,,,,,,,,,,,,,,,,,,,
392,1,392_1,2,2,3,1,5,,,,,,,,7,6,6,6,6,6,6,6,6,6,6,5,6,6
393,1,393_1,4,1,3,1,5,,,,,,,,5,5,6,5,4,5,4,4,5,5,5,3,5,5
394,1,394_1,2,1,3,1,3,,,,,,,,7,6,7,6,6,6,7,7,7,7,7,6,7,7
395,1,395_1,3,1,3,1,7,,,,,,,,3,5,5,3,3,5,3,3,5,3,3,3,5,3
396,1,396_1,2,1,3,1,8,,,,,,,,,,,,,,,,,,,,,
397,1,397_1,2,1,3,1,5.5,,,,,,,,6,6,6,4,4,6,5,4,5,5,5,5,5,5
398,1,398_1,2,1,3,1,2,,,,,,,,,,,,,,,,,,,,,
399,1,399_1,2,1,3,1,1,,,,,,,,5,5,6,5,5,4,5,5,5,5,5,4,5,5
400,1,400_1,1,2,4,1,80,,,,,,,,5,5,6,5,4,5,4,3,4,5,5,4,5,4
401,1,401_1,2,2,5,1,45,,,,,,,,7,6,6,7,5,5,5,7,6,5,6,3,6,6
402,1,402_1,2,1,3,1,5,,,,,,,,5,4,5,4,7,4,5,5,5,5,5,4,5,5
403,1,403_1,3,2,3,1,30,,,,,,,,6,5,6,6,5,6,6,6,6,6,5,6,6,5
404,1,404_1,2,1,4,1,18,,,,,,,,5,7,7,5,7,6,5,5,6,5,6,4,6,6
405,1,405_1,1,1,3,1,0.5,,,,,,,,5,4,5,5,5,5,5,5,6,5,5,4,5,5
406,1,406_1,3,1,3,2,1.25,,,,,,,,5,5,6,5,4,4,5,5,6,6,6,4,6,5
407,1,407_1,1,1,3,1,6,,,,,,,,6,6,6,6,6,6,6,6,7,5,6,5,6,6
408,1,408_1,2,1,4,1,2,,,,,,,,5,5,5,5,5,5,5,5,5,5,5,3,5,5
409,1,409_1,2,1,3,1,6,,,,,,,,7,6,6,7,6,6,6,6,5,6,6,5,5,6
410,1,410_1,2,1,3,1,2,,,,,,,,6,6,6,6,5,5,6,6,6,6,5,5,6,6
411,1,411_1,1,1,4,1,1.5,,,,,,,,4,3,5,4,3,4,3,3,4,4,4,4,3,4
412,1,412_1,3,1,2,1,3,,,,,,,,7,6,7,7,6,7,7,7,7,6,7,6,7,6
413,1,413_1,3,2,4,1,1,,,,,,,,2,3,5,6,2,4,2,3,4,2,7,3,7,3
414,1,414_1,3,1,3,1,6,,,,,,,,5,5,4,5,5,5,3,3,5,3,3,2,4,5
415,1,415_1,2,1,3,1,4.5,,,,,,,,7,6,6,7,7,7,6,6,6,6,6,5,6,6
416,1,416_1,2,2,3,1,14,,,,,,,,7,7,7,,5,5,7,7,7,7,7,7,7,7
417,1,417_1,2,1,3,2,3,,,,,,,,5,6,6,5,4,5,4,4,5,4,5,4,5,5
418,1,418_1,1,2,3,3,1.2,,,,,,,,4,4,5,5,5,3,5,4,6,5,5,4,4,5
419,1,419_1,3,2,3,1,11,,,,,,,,4,4,5,5,6,6,5,5,5,4,5,4,4,5
420,1,420_1,3,1,4,1,2,,,,,,,,,,,,,,,,,,,,,
421,1,421_1,4,1,4,1,45,,,,,,,,,,,,,,,,,,,,,
422,1,422_1,2,2,4,1,2,,,,,,,,6,6,6,6,6,5,6,5,6,6,5,5,6,5
423,1,423_1,2,1,4,1,20,,,,,,,,5,4,6,5,4,6,4,5,5,5,5,4,5,5
424,1,424_1,3,2,3,1,13,,,,,,,,7,5,6,5,6,5,6,6,6,6,5,5,6,5
425,1,425_1,2,1,3,1,25,,,,,,,,,,,,,,,,,,,,,
426,1,426_1,2,1,3,1,25,,,,,,,,6,6,6,6,6,6,6,6,5,6,6,5,5,6
427,1,427_1,2,1,3,1,2,,,,,,,,5,5,5,5,4,5,4,4,5,5,5,4,5,4
428,1,428_1,1,1,3,3,0.8,,,,,,,,5,5,6,4,5,6,5,6,5,5,6,4,4,5
429,1,429_1,2,2,3,1,6,,,,,,,,5,5,5,5,5,5,5,5,5,5,5,5,5,5
430,1,430_1,2,1,4,1,15,,,,,,,,5,4,5,6,6,5,5,5,6,3,6,6,5,5
431,1,431_1,2,1,4,1,9,,,,,,,,5,5,6,6,5,5,5,4,6,6,6,5,6,6
432,1,432_1,1,1,3,1,1,,,,,,,,5,5,5,5,3,4,3,4,5,6,5,4,5,4
433,1,433_1,1,1,3,1,4,,,,,,,,2,2,4,6,1,6,2,2,6,6,4,1,6,6
434,1,434_1,2,2,3,1,3,,,,,,,,2,5,6,3,4,2,4,3,3,1,4,2,4,2
435,1,435_1,1,1,3,1,2,,,,,,,,5,6,6,5,6,6,6,6,6,6,6,3,5,6
436,1,436_1,2,1,4,1,10,,,,,,,,6,6,6,5,4,5,5,5,6,6,6,5,6,5
437,1,437_1,2,1,3,1,0.5,,,,,,,,4,5,5,4,2,6,4,5,6,6,6,4,5,5
438,1,438_1,2,2,3,1,1,,,,,,,,4,4,5,3,4,4,3,4,4,,4,3,4,4
439,1,439_1,4,1,4,1,14,,,,,,,,5,6,6,6,4,4,6,6,4,4,5,4,6,6
440,1,440_1,4,1,5,4,,,,,,,,,,,,,,,,,,,,,,
441,1,441_1,1,1,4,1,2,,,,,,,,,,,,,,,,,,,,,
442,1,442_1,2,1,4,3,12,,,,,,,,1,7,7,1,7,5,1,1,7,5,5,1,6,6
443,1,443_1,,,,,,,,,,,,,,,,,,,,,,,,,,
444,1,444_1,2,2,3,1,9,,,,,,,,7,7,7,6,7,7,6,6,7,7,6,6,7,6
445,1,445_1,1,1,3,1,2,,,,,,,,3,3,3,3,3,3,3,3,3,3,3,3,3,4
446,1,446_1,1,1,3,1,4.5,,,,,,,,5,5,4,5,5,5,5,5,4,4,5,5,5,5
447,1,447_1,2,1,3,1,1,,,,,,,,2,2,3,2,2,5,2,2,6,2,2,2,3,5
448,1,448_1,3,1,3,1,18,,,,,,,,6,7,7,6,4,5,6,6,7,6,6,3,6,6
449,1,449_1,2,2,4,1,6,,,,,,,,6,6,6,6,6,6,5,4,6,5,6,4,6,6
450,1,450_1,3,2,3,1,0.5,,,,,,,,7,7,7,7,7,7,7,7,7,7,7,5,7,7
451,1,451_1,3,2,4,1,0.16,,,,,,,,7,7,7,7,7,7,7,7,7,7,7,6,7,7
452,1,452_1,2,1,3,2,0.17,,,,,,,,6,6,6,6,5,7,6,5,6,5,6,6,6,6
453,1,453_1,4,1,3,1,7,,,,,,,,6,5,6,6,6,5,7,7,7,6,6,6,7,7
454,1,454_1,2,2,3,1,5,,,,,,,,6,5,6,6,6,7,5,6,6,6,6,5,6,6
455,1,455_1,3,2,4,1,45,,,,,,,,5,6,6,6,5,6,5,5,6,6,6,5,6,6
456,1,456_1,2,1,4,1,1,,,,,,,,,,,,,,,,,,,,,
457,1,457_1,3,2,4,1,10,,,,,,,,6,5,6,5,6,7,6,6,6,6,5,7,7,6
458,1,458_1,2,1,4,1,25,,,,,,,,6,6,6,6,6,5,6,5,6,6,6,6,6,6
459,1,459_1,2,1,3,1,17,,,,,,,,5,4,5,6,5,6,5,4,6,5,6,4,6,5
460,1,460_1,3,2,3,1,3,,,,,,,,3,4,4,4,3,4,1,1,4,4,,4,4,3
461,1,461_1,1,1,4,1,15,,,,,,,,6,6,6,6,7,5,4,4,5,5,4,5,4,4
462,1,462_1,4,1,4,1,22,,,,,,,,,,,,,,,,,,,,,
463,1,463_1,1,1,3,1,45,,,,,,,,7,5,7,7,7,7,7,7,7,7,7,7,7,7
464,1,464_1,2,2,4,2,3.5,,,,,,,,4,4,5,5,4,5,4,4,4,4,4,4,4,5
465,1,465_1,3,1,3,1,15,,,,,,,,5,6,7,6,6,4,6,6,6,6,6,4,6,6
466,1,466_1,1,1,3,1,4,,,,,,,,6,6,6,6,6,6,4,5,6,6,5,5,6,5
467,1,467_1,3,2,4,1,3,,,,,,,,3,5,5,4,1,5,1,2,5,1,2,1,4,2
468,1,468_1,2,1,3,1,15,,,,,,,,2,2,6,2,2,2,2,2,6,2,6,2,6,2
469,1,469_1,1,1,3,1,0.5,,,,,,,,5,5,5,5,4,6,6,5,5,5,5,4,5,4
470,1,470_1,3,1,3,1,10,,,,,,,,5,7,7,7,6,7,7,6,7,7,7,5,7,7
471,1,471_1,2,1,3,3,0.2,,,,,,,,5,5,5,5,5,5,5,5,5,5,5,5,5,5
472,1,472_1,2,2,4,1,15,,,,,,,,2,4,4,2,2,2,2,2,2,2,3,2,3,2
473,1,473_1,3,1,3,1,25,,,,,,,,4,3,4,4,3,5,4,3,4,4,3,3,3,4
474,1,474_1,1,1,3,1,1,,,,,,,,5,5,5,4,4,5,4,4,5,5,5,4,5,4
475,1,475_1,2,2,3,1,1,,,,,,,,3,3,5,4,5,6,5,5,3,3,5,3,5,4
476,1,476_1,1,2,4,1,8,,,,,,,,3,6,7,6,6,6,4,4,4,5,6,4,5,6
477,1,477_1,2,1,4,1,75,,,,,,,,,,,,,,,,,,,,,
478,1,478_1,2,1,3,1,2.5,,,,,,,,6,6,6,6,6,6,6,6,6,6,6,5,6,6
479,1,479_1,2,1,4,1,6,,,,,,,,6,6,6,4,4,4,5,5,5,5,5,5,5,5
480,1,480_1,2,1,4,2,8,,,,,,,,5,5,7,6,4,5,5,5,5,5,5,3,3,4
481,1,481_1,2,1,4,1,14,,,,,,,,,,,,,,,,,,,,,
482,1,482_1,2,1,3,1,2,,,,,,,,4,3,5,4,3,5,2,2,5,5,4,3,5,3
483,1,483_1,1,1,3,1,1,,,,,,,,4,5,7,4,7,5,5,5,6,5,4,4,5,5
484,1,484_1,3,2,3,1,2,,,,,,,,3,6,6,6,3,6,4,3,3,3,5,2,3,
485,1,485_1,2,2,3,1,25,,,,,,,,7,7,7,7,7,7,7,7,7,7,7,6,7,7
486,1,486_1,2,1,3,1,2,,,,,,,,7,7,7,5,5,7,6,6,7,7,6,4,5,6
487,1,487_1,3,1,4,1,4,,,,,,,,6,6,7,6,6,7,6,6,7,6,6,6,6,6
488,1,488_1,1,1,3,1,0.25,,,,,,,,,,,,,,,,,,,,,
489,1,489_1,2,1,4,1,10,,,,,,,,5,6,6,5,6,6,6,6,5,,6,5,6,6
490,1,490_1,2,1,3,1,5,,,,,,,,5,6,6,5,5,5,5,5,5,6,6,5,5,5
491,1,491_1,1,1,3,1,4,,,,,,,,7,6,7,6,7,7,7,7,7,7,7,6,7,7
492,1,492_1,2,1,3,1,5,,,,,,,,4,4,5,3,3,6,3,4,4,5,5,3,5,5
493,1,493_1,1,1,3,1,1,,,,,,,,4,4,6,3,3,4,3,3,4,4,4,4,5,5
494,1,494_1,3,1,3,1,20,,,,,,,,5,5,5,5,4,6,5,4,4,4,4,4,5,4
495,1,495_1,2,2,3,1,2,,,,,,,,4,4,5,4,3,5,3,4,5,4,5,2,4,3
496,1,496_1,3,1,4,1,7,,,,,,,,,,,,,,,,,,,,,
497,1,497_1,3,1,3,1,4.5,,,,,,,,3,3,6,4,4,4,5,5,7,7,6,4,6,5
498,1,498_1,2,1,3,1,3,,,,,,,,5,6,6,5,5,5,6,6,5,6,5,5,6,5
499,1,499_1,2,2,3,1,9,,,,,,,,4,4,5,5,4,4,5,4,5,6,5,3,6,5
500,1,500_1,1,1,3,1,0.66,,,,,,,,2,2,4,4,2,2,2,5,4,3,3,2,4,4
501,1,501_1,3,1,3,1,23,,,,,,,,7,5,7,5,5,5,6,6,6,6,6,5,6,6
502,1,502_1,2,1,4,1,3,,,,,,,,6,6,6,5,4,6,6,5,6,6,6,6,6,6
503,1,503_1,1,1,4,1,45,,,,,,,,5,4,5,3,2,4,4,4,5,5,3,2,6,5
504,1,504_1,2,1,4,1,3,,,,,,,,,,,,,,,,,,,,,
505,1,505_1,1,1,3,1,1,,,,,,,,5,5,6,5,5,5,4,4,5,5,5,5,5,5
506,1,506_1,3,1,5,1,20,,,,,,,,6,6,6,6,5,6,6,6,6,6,6,5,6,6
507,1,507_1,2,1,3,1,10,,,,,,,,7,7,7,7,7,7,7,7,7,7,7,7,7,7
508,1,508_1,3,2,3,1,8,,,,,,,,4,3,3,3,2,2,1,2,2,2,2,1,2,1
509,1,509_1,1,1,3,1,2,,,,,,,,5,4,7,4,4,1,5,4,6,4,5,4,6,4
510,1,510_1,3,1,3,1,3,,,,,,,,5,6,6,6,6,5,7,7,6,6,6,4,5,6
511,1,511_1,2,2,4,1,14,,,,,,,,,,,,,,,,,,,,,
512,1,512_1,2,2,3,1,7,,,,,,,,6,5,5,5,4,5,5,5,5,6,5,3,5,5
513,1,513_1,2,1,3,2,75,,,,,,,,6,6,5,5,6,6,4,5,6,6,4,4,5,5
514,1,514_1,2,1,3,1,1,,,,,,,,7,6,7,6,5,6,6,6,7,7,7,7,7,7
515,1,515_1,4,1,4,1,2,,,,,,,,6,6,7,6,7,5,6,6,6,6,6,5,6,6
516,1,516_1,2,2,3,1,35,,,,,,,,6,4,6,5,4,6,5,3,4,5,5,5,6,5
517,1,517_1,2,1,4,,8,,,,,,,,5,6,6,5,5,6,5,6,6,6,6,5,6,6
518,1,518_1,2,1,3,1,3,,,,,,,,6,5,7,7,7,4,7,5,7,6,6,7,7,6
519,1,519_1,2,1,4,2,2,,,,,,,,,,,,,,,,,,,,,
520,1,520_1,3,1,3,1,22,,,,,,,,5,6,6,6,6,5,7,6,6,6,7,5,6,6
521,1,521_1,2,1,4,1,75,,,,,,,,4,4,5,5,3,5,3,2,5,2,4,2,,7
522,1,522_1,2,1,3,4,,,,,,,,,3,3,4,3,3,5,3,3,4,3,3,3,3,3
523,1,523_1,,,,,,,,,,,,,,,,,,,,,,,,,,
524,1,524_1,2,1,4,1,4,,,,,,,,5,5,5,5,5,5,5,4,6,6,6,5,6,6
525,1,525_1,2,1,4,1,4,,,,,,,,2,3,7,5,1,3,1,1,3,2,2,2,3,3
526,1,526_1,2,1,3,1,15,,,,,,,,5,4,6,5,6,6,5,4,5,5,5,5,5,5
527,1,527_1,2,1,3,1,3,,,,,,,,5,6,6,5,5,5,6,5,6,6,5,5,5,5
528,1,528_1,2,1,3,1,4,,,,,,,,,,,,,,,,,,,,,
529,1,529_1,2,2,4,1,4,,,,,,,,,,,,,,,,,,,,,
530,1,530_1,2,1,4,1,11,,,,,,,,6,6,6,5,5,5,5,5,5,5,5,5,5,5
531,1,531_1,3,1,3,1,8,,,,,,,,7,6,7,7,5,7,5,6,7,5,6,5,7,5
532,1,532_1,2,1,3,1,5,,,,,,,,,,,,,,,,,,,,,
533,1,533_1,2,1,3,1,3,,,,,,,,4,4,6,5,5,6,4,4,5,5,6,,5,5
534,1,534_1,2,1,4,1,25,,,,,,,,5,5,5,5,4,5,5,5,5,5,4,5,4,5
535,1,535_1,2,1,3,1,5,,,,,,,,6,5,5,5,4,2,4,5,5,5,5,5,5,5
536,1,536_1,2,1,4,1,45,,,,,,,,4,4,5,3,5,4,4,5,5,4,5,3,4,4
537,1,537_1,4,1,4,1,23,,,,,,,,6,6,6,5,7,7,6,6,7,6,6,5,7,7
538,1,538_1,2,2,3,1,8,,,,,,,,3,4,5,6,1,5,3,3,5,5,4,3,4,4
539,1,539_1,2,1,3,1,0.5,,,,,,,,4,5,5,4,3,5,3,3,5,4,5,3,5,5
540,1,540_1,3,1,3,1,11,,,,,,,,7,6,6,6,6,6,6,6,6,6,6,6,6,6
541,1,541_1,4,2,3,1,4,,,,,,,,5,4,5,2,3,4,3,3,4,4,4,2,4,3
542,1,542_1,3,1,3,1,5,,,,,,,,5,5,5,3,4,,3,3,4,4,5,5,5,5
543,2,1_2,43,2,,,,15,6,,,,,,5,5,5,4,4,4,5,6,5,5,4,4,4,5
544,2,2_2,43,2,,,,18,5,,,,,,6,5,6,5,6,6,6,6,6,6,6,6,6,
545,2,3_2,25,2,,,,1,7,,,,,,5,4,4,5,4,5,5,5,4,4,5,4,5,4
546,2,4_2,55,2,,,,35,4,,,,,,5,5,6,5,6,6,5,5,6,5,6,5,4,5
547,2,5_2,38,1,,,,6,3,,,,,,6,5,6,5,5,4,5,6,6,6,6,5,6,5
548,2,6_2,28,2,,,,5,6,,,,,,4,4,5,5,4,5,5,5,4,5,4,4,4,5
549,2,7_2,25,2,,,,3,6,,,,,,3,4,4,3,3,4,4,4,3,4,4,3,2,2
550,2,8_2,36,1,,,,6,6,,,,,,5,3,4,4,6,3,4,5,5,5,5,4,4,5
551,2,9_2,53,2,,,,15,3,,,,,,5,4,5,4,5,5,5,5,4,4,4,5,5,4
552,2,10_2,36,2,,,,13,4,,,,,,5,6,6,4,5,5,5,5,7,6,5,4,5,5
553,2,11_2,48,2,,,,26,6,,,,,,5,5,5,5,5,5,6,5,5,6,5,4,5,5
554,2,12_2,43,2,,,,"6,5",7,,,,,,5,5,5,4,5,5,5,5,5,5,5,4,4,5
555,2,13_2,26,2,,,,1,7,,,,,,3,1,3,3,2,3,4,4,3,2,3,2,2,2
556,2,14_2,38,2,,,,14,7,,,,,,5,5,5,4,5,5,5,5,5,5,5,5,3,4
557,2,15_2,35,2,,,,2,7,,,,,,,,,,6,4,6,6,5,5,6,4,5,6
558,2,16_2,25,2,,,,1,7,,,,,,6,5,6,5,6,6,5,6,6,6,6,6,6,6
559,2,17_2,,2,,,,23,7,,,,,,5,4,5,5,4,5,5,5,5,5,5,4,5,4
560,2,18_2,40,2,,,,17,6,,,,,,5,4,5,4,4,4,4,5,3,4,4,3,3,4
561,2,19_2,38,2,,,,10,6,,,,,,5,5,5,5,5,6,6,6,6,6,6,6,6,6
562,2,20_2,53,2,,,,10,7,,,,,,5,5,5,5,5,5,5,5,5,5,5,5,5,5
563,2,21_2,25,2,,,,2,7,,,,,,5,5,5,4,5,5,5,5,4,5,4,5,5,4
564,2,22_2,35,2,,,,10,6,,,,,,5,5,5,5,5,5,5,5,5,5,5,5,5,5
565,2,23_2,,2,,,,2,7,,,,,,4,3,3,4,3,3,3,4,3,4,4,3,3,4
566,2,24_2,43,2,,,,15,7,,,,,,5,4,4,5,5,5,5,5,5,5,5,4,5,3
567,2,25_2,57,2,,,,8,7,,,,,,5,4,4,4,5,5,5,5,5,5,6,4,4,5
568,2,26_2,40,2,,,,16,6,,,,,,5,5,6,4,5,6,5,6,5,5,5,4,5,5
569,2,27_2,49,2,,,,25,6,,,,,,6,6,6,6,6,7,6,6,6,6,6,6,6,6
570,2,28_2,45,2,,,,24,6,,,,,,3,5,4,3,4,3,4,4,2,4,4,2,3,3
571,2,29_2,35,2,,,,13,6,,,,,,5,4,4,4,5,5,5,5,5,5,5,5,5,5
572,2,30_2,47,1,,,,19,3,,,,,,7,7,7,7,7,7,7,6,7,7,7,7,7,7
573,2,31_2,53,2,,,,31,6,,,,,,6,5,6,6,6,6,6,6,5,6,6,6,5,5
574,2,32_2,41,2,,,,3,3,,,,,,5,5,5,6,5,5,7,7,6,5,6,5,5,5
575,2,33_2,31,2,,,,8,6,,,,,,5,5,5,5,4,6,5,5,5,6,6,5,6,6
576,2,34_2,28,2,,,,3,7,,,,,,4,5,,5,4,5,5,4,5,5,4,3,3,3
577,2,35_2,44,2,,,,20,6,,,,,,5,4,4,4,4,4,5,5,4,4,5,4,4,4
578,2,36_2,31,2,,,,5,6,,,,,,5,5,4,6,5,5,6,6,5,5,4,3,6,4
579,2,37_2,,2,,,,15,7,,,,,,5,5,5,5,4,5,5,5,5,5,5,4,5,5
580,2,38_2,54,2,,,,25,7,,,,,,4,4,4,3,3,3,4,3,4,4,4,3,4,4
581,2,39_2,24,2,,,,1,6,,,,,,4,4,4,4,5,5,5,5,4,4,5,4,4,5
582,2,40_2,,2,,,,4,7,,,,,,5,5,6,5,5,5,5,5,4,4,5,4,4,5
583,2,41_2,,2,,,,4,6,,,,,,5,4,5,4,5,5,5,6,5,5,5,5,5,5
584,2,42_2,37,2,,,,5,3,,,,,,5,4,5,6,5,6,5,6,5,5,5,4,5,5
585,2,43_2,27,2,,,,8,5,,,,,,4,6,6,5,4,5,4,5,5,5,5,4,5,5
586,2,44_2,31,2,,,,9,6,,,,,,5,5,5,5,4,6,5,5,5,5,5,5,5,5
587,2,45_2,50,2,,,,15,7,,,,,,5,4,6,6,5,7,4,6,7,7,7,6,7,7
588,2,46_2,,2,,,,7,6,,,,,,4,4,4,4,5,4,5,4,5,5,5,4,4,5
589,2,47_2,28,2,,,,4,6,,,,,,5,4,4,5,4,5,5,4,5,5,5,4,4,4
590,2,48_2,53,2,,,,10,6,,,,,,5,5,5,5,5,5,4,5,5,5,5,4,5,5
591,2,49_2,,2,,,,6,5,,,,,,5,4,4,4,4,4,3,4,5,4,4,3,3,3
592,2,50_2,28,2,,,,2,7,,,,,,5,5,5,6,5,6,5,5,5,5,6,5,5,5
593,2,51_2,25,2,,,,"1,5",7,,,,,,5,3,5,3,5,5,4,5,3,4,4,3,2,4
594,2,52_2,52,2,,,,10,7,,,,,,5,4,4,4,4,5,5,4,4,4,4,5,4,4
595,2,53_2,45,2,,,,8,6,,,,,,7,4,4,6,5,7,7,4,7,7,7,3,4,7
596,2,54_2,56,2,,,,34,4,,,,,,4,6,6,5,4,7,4,6,6,5,5,4,5,6
597,2,55_2,47,2,,,,25,6,,,,,,6,5,5,5,5,5,6,4,5,5,5,4,5,5
598,2,56_2,29,2,,,,8,5,,,,,,5,5,5,5,5,5,5,5,5,5,5,5,5,5
599,2,57_2,50,2,,,,14,4,,,,,,5,5,5,5,4,4,6,4,4,5,4,4,5,4
600,2,58_2,28,2,,,,5,5,,,,,,5,4,5,5,4,5,5,5,4,5,5,4,4,4
601,2,59_2,35,2,,,,10,7,,,,,,4,4,4,3,4,4,4,6,5,4,4,4,3,4
602,2,60_2,43,2,,,,15,6,,,,,,6,5,7,5,7,6,7,6,7,6,6,5,6,6
603,2,61_2,34,2,,,,1,6,,,,,,5,4,5,5,4,5,5,5,4,4,4,3,4,3
604,2,62_2,40,1,,,,13,3,,,,,,5,5,5,6,6,4,4,6,6,5,6,5,5,6
605,2,63_2,,2,,,,"1,5",6,,,,,,5,4,4,4,4,4,5,3,4,5,4,4,4,4
606,2,64_2,36,2,,,,12,6,,,,,,5,4,5,6,6,6,6,6,6,5,6,5,4,5
607,2,65_2,29,2,,,,5,6,,,,,,5,4,5,4,3,3,6,6,4,4,5,5,5,5
608,2,66_2,47,2,,,,21,7,,,,,,3,3,5,4,4,4,3,4,5,4,4,2,5,4
609,2,67_2,33,2,,,,1,4,,,,,,4,4,5,5,5,5,3,5,4,4,5,4,5,5
610,2,68_2,35,2,,,,13,6,,,,,,4,4,4,4,4,5,4,4,4,4,4,3,4,3
611,2,69_2,,2,,,,13,3,,,,,,4,4,4,4,4,4,5,5,6,4,4,3,4,3
612,2,70_2,47,2,,,,"3,5",6,,,,,,6,5,5,4,5,5,5,5,5,5,5,4,4,4
613,2,71_2,53,2,,,,31,6,,,,,,5,7,7,5,6,7,6,7,7,7,6,4,6,6
614,2,72_2,58,2,,,,20,6,,,,,,6,5,5,5,5,5,6,6,5,5,5,5,5,5
615,2,73_2,33,2,,,,5,6,,,,,,5,4,5,4,5,6,6,5,5,5,5,5,5,5
616,2,74_2,36,2,,,,9,6,,,,,,5,4,5,4,4,5,5,5,4,4,5,5,5,4
617,2,75_2,41,2,,,,20,5,,,,,,5,6,6,6,6,6,6,5,6,6,5,5,6,5
618,2,76_2,44,2,,,,22,6,,,,,,5,5,5,4,5,5,6,5,6,5,5,4,5,5
619,2,77_2,39,2,,,,12,6,,,,,,4,3,4,4,4,4,5,4,5,5,5,4,2,3
620,2,78_2,35,2,,,,12,7,,,,,,3,3,3,4,4,4,3,3,4,3,3,2,3,3
621,3,1_3,35 à 44 ans,Femme,"Certificat (études universitaires de 1er cycle, 30 crédits)",,10 ans et plus,,,,,,,,4,5,6,6,4,6,3,3,7,7,7,3,6,7
622,3,2_3,55 ans et plus,Femme,Aucun Diplôme,,10 ans et plus,,,,,,,,7,7,6,6,7,6,7,6,7,7,6,4,5,5
623,3,3_3,55 ans et plus,Femme,Aucun Diplôme,,10 ans et plus,,,,,,,,6,7,7,6,5,6,6,6,5,5,5,4,7,7
624,3,4_3,35 à 44 ans,Femme,"D.E.S, D.E.P., A.E.P. (études secondaires)",,Plus de 5 ans à moins de 10 ans,,,,,,,,6,6,6,6,6,6,7,7,7,7,7,7,7,6
625,3,5_3,18 à 24 ans,Femme,D.E.C. (études collégiales),,1 à 5 ans,,,,,,,,5,5,5,6,4,5,6,5,4,4,4,5,5,5
626,3,6_3,55 ans et plus,Femme,"D.E.S, D.E.P., A.E.P. (études secondaires)",,10 ans et plus,,,,,,,,7,,6,7,6,7,7,7,7,7,7,7,7,6
627,3,7_3,,Femme,D.E.C. (études collégiales),,10 ans et plus,,,,,,,,6,5,5,5,5,5,5,5,5,5,6,5,5,6
628,3,8_3,35 à 44 ans,Femme,D.E.C. (études collégiales),,1 à 5 ans,,,,,,,,7,7,7,7,7,7,7,7,7,7,7,5,7,7
629,3,9_3,55 ans et plus,Femme,"Certificat (études universitaires de 1er cycle, 30 crédits)",,10 ans et plus,,,,,,,,6,6,6,6,6,6,6,4,6,6,6,6,6,5
630,3,10_3,25 à 34 ans,Femme,D.E.C. (études collégiales),,1 à 5 ans,,,,,,,,7,4,4,4,4,5,5,6,5,4,6,3,3,3
631,3,11_3,,Femme,"Certificat (études universitaires de 1er cycle, 30 crédits)",,Plus de 5 ans à moins de 10 ans,,,,,,,,6,7,7,7,5,7,7,7,6,5,6,5,6,6
632,3,12_3,55 ans et plus,Femme,"D.E.S, D.E.P., A.E.P. (études secondaires)",,10 ans et plus,,,,,,,,6,7,5,5,4,5,7,7,6,7,6,4,5,6
633,3,13_3,25 à 34 ans,Femme,Baccalauréat (études universitaires de 1er cycle),,1 à 5 ans,,,,,,,,4,6,6,5,6,7,4,4,6,6,6,4,6,6
634,3,14_3,25 à 34 ans,Femme,Baccalauréat (études universitaires de 1er cycle),,1 à 5 ans,,,,,,,,3,5,6,6,3,5,3,5,6,6,6,3,6,6
635,3,15_3,25 à 34 ans,Femme,D.E.C. (études collégiales),,1 à 5 ans,,,,,,,,6,4,4,4,5,3,6,6,3,5,5,6,3,5
636,3,16_3,35 à 44 ans,Femme,Baccalauréat (études universitaires de 1er cycle),,10 ans et plus,,,,,,,,5,4,5,7,6,7,6,6,7,6,7,5,6,7
637,3,17_3,55 ans et plus,Femme,"D.E.S, D.E.P., A.E.P. (études secondaires)",,Plus de 5 ans à moins de 10 ans,,,,,,,,6,5,6,4,5,5,4,4,5,4,4,5,4,4
638,3,18_3,,Femme,Baccalauréat (études universitaires de 1er cycle),,1 à 5 ans,,,,,,,,6,7,7,6,6,6,6,6,6,6,6,6,7,7
639,3,19_3,55 ans et plus,Femme,"Certificat (études universitaires de 1er cycle, 30 crédits)",,1 à 5 ans,,,,,,,,6,6,6,6,5,4,5,3,5,6,4,6,5,4
640,3,20_3,25 à 34 ans,Femme,Maîtrise (études universitaires de 2e cycle),,10 ans et plus,,,,,,,,1,1,1,1,1,1,1,1,1,1,1,1,1,1
641,3,21_3,25 à 34 ans,Femme,D.E.C. (études collégiales),,Plus de 5 ans à moins de 10 ans,,,,,,,,5,5,5,5,4,5,6,7,5,5,5,4,5,5
642,3,22_3,45 à 54 ans,Femme,Baccalauréat (études universitaires de 1er cycle),,1 à 5 ans,,,,,,,,7,7,7,6,6,6,7,6,6,6,6,6,6,6
643,3,23_3,18 à 24 ans,Femme,Baccalauréat (études universitaires de 1er cycle),,Moins de 1 an,,,,,,,,7,7,7,7,5,4,7,7,7,7,7,5,6,7
644,3,24_3,18 à 24 ans,Femme,D.E.C. (études collégiales),,1 à 5 ans,,,,,,,,6,5,5,6,5,6,5,6,5,4,4,3,4,6
645,3,25_3,,Femme,"D.E.S, D.E.P., A.E.P. (études secondaires)",,1 à 5 ans,,,,,,,,6,6,6,6,6,4,6,6,5,5,6,5,5,6
646,3,26_3,55 ans et plus,Femme,"D.E.S, D.E.P., A.E.P. (études secondaires)",,1 à 5 ans,,,,,,,,7,6,7,6,7,5,7,5,7,7,6,6,5,5
647,3,27_3,18 à 24 ans,Femme,D.E.C. (études collégiales),,1 à 5 ans,,,,,,,,7,7,7,7,6,7,7,7,7,7,7,6,7,7
648,3,28_3,45 à 54 ans,Femme,"D.E.S, D.E.P., A.E.P. (études secondaires)",,Moins de 1 an,,,,,,,,6,6,6,6,6,6,6,6,6,6,6,6,6,6
649,3,29_3,,Femme,"D.E.S, D.E.P., A.E.P. (études secondaires)",,10 ans et plus,,,,,,,,6,5,5,5,5,5,5,5,5,5,5,5,4,6
650,3,30_3,35 à 44 ans,Femme,Baccalauréat (études universitaires de 1er cycle),,Plus de 5 ans à moins de 10 ans,,,,,,,,7,5,5,5,5,7,7,7,7,7,7,7,7,7
651,3,31_3,18 à 24 ans,Femme,Maîtrise (études universitaires de 2e cycle),,Moins de 1 an,,,,,,,,5,5,7,4,6,5,6,6,5,6,6,5,5,5
652,3,32_3,25 à 34 ans,Femme,D.E.C. (études collégiales),,10 ans et plus,,,,,,,,5,4,4,4,5,4,5,4,5,,4,4,5,5
653,3,33_3,35 à 44 ans,Femme,Baccalauréat (études universitaires de 1er cycle),,10 ans et plus,,,,,,,,6,4,5,5,6,6,6,6,6,6,6,5,5,5
654,3,34_3,45 à 54 ans,Femme,Baccalauréat (études universitaires de 1er cycle),,1 à 5 ans,,,,,,,,6,6,6,6,6,6,5,6,7,6,6,6,7,7
655,3,35_3,45 à 54 ans,Femme,"D.E.S, D.E.P., A.E.P. (études secondaires)",,1 à 5 ans,,,,,,,,7,7,7,7,5,6,7,7,7,7,6,5,7,7
656,3,36_3,35 à 44 ans,Femme,D.E.C. (études collégiales),,Moins de 1 an,,,,,,,,5,6,6,4,6,6,6,7,7,7,6,5,4,5
657,3,37_3,25 à 34 ans,Femme,"D.E.S, D.E.P., A.E.P. (études secondaires)",,10 ans et plus,,,,,,,,5,4,4,4,4,4,5,5,4,2,4,4,4,4
658,3,38_3,35 à 44 ans,Femme,Baccalauréat (études universitaires de 1er cycle),,10 ans et plus,,,,,,,,5,5,5,5,4,5,5,5,5,5,4,4,4,4
659,3,39_3,45 à 54 ans,Femme,D.E.C. (études collégiales),,10 ans et plus,,,,,,,,6,5,5,6,6,6,6,6,7,6,6,6,7,5
660,3,40_3,,Femme,D.E.C. (études collégiales),,10 ans et plus,,,,,,,,6,7,7,6,5,6,6,5,6,6,6,5,6,6
661,3,41_3,,Femme,D.E.C. (études collégiales),,10 ans et plus,,,,,,,,5,5,5,6,5,6,4,4,6,4,4,2,4,4
662,3,42_3,55 ans et plus,Femme,D.E.C. (études collégiales),,1 à 5 ans,,,,,,,,7,7,7,6,5,6,6,6,6,6,6,6,6,6
663,3,43_3,,Femme,D.E.C. (études collégiales),,1 à 5 ans,,,,,,,,5,5,6,6,5,7,6,5,6,6,6,5,6,7
664,3,44_3,45 à 54 ans,Femme,"Certificat (études universitaires de 1er cycle, 30 crédits)",,Plus de 5 ans à moins de 10 ans,,,,,,,,6,5,5,6,6,7,7,7,7,7,7,4,7,7
665,3,45_3,,Femme,Baccalauréat (études universitaires de 1er cycle),,Plus de 5 ans à moins de 10 ans,,,,,,,,5,4,5,5,4,4,2,3,4,4,5,5,5,5
666,3,46_3,55 ans et plus,Femme,D.E.C. (études collégiales),,10 ans et plus,,,,,,,,6,6,6,6,6,6,6,6,5,5,6,6,6,6
667,3,47_3,18 à 24 ans,Femme,Baccalauréat (études universitaires de 1er cycle),,Moins de 1 an,,,,,,,,7,6,6,6,4,5,5,5,6,6,5,3,6,6
668,3,48_3,25 à 34 ans,Femme,Baccalauréat (études universitaires de 1er cycle),,Plus de 5 ans à moins de 10 ans,,,,,,,,5,6,6,6,5,6,6,6,6,6,6,5,5,5
669,3,49_3,,Femme,Baccalauréat (études universitaires de 1er cycle),,1 à 5 ans,,,,,,,,6,6,7,7,7,7,7,7,7,6,7,6,7,7
670,3,50_3,25 à 34 ans,Femme,D.E.C. (études collégiales),,10 ans et plus,,,,,,,,5,7,7,7,7,4,7,7,7,7,7,7,7,7
671,3,51_3,25 à 34 ans,Femme,Maîtrise (études universitaires de 2e cycle),,1 à 5 ans,,,,,,,,7,6,6,6,4,5,5,6,6,6,6,5,5,6
672,3,52_3,25 à 34 ans,Femme,Maîtrise (études universitaires de 2e cycle),,Moins de 1 an,,,,,,,,5,4,6,4,7,5,6,7,6,6,7,4,5,6
673,3,53_3,35 à 44 ans,Homme,Maîtrise (études universitaires de 2e cycle),,1 à 5 ans,,,,,,,,6,6,5,5,6,4,5,5,5,5,5,5,6,5
674,3,54_3,55 ans et plus,Femme,"D.E.S, D.E.P., A.E.P. (études secondaires)",,10 ans et plus,,,,,,,,7,7,7,7,7,7,7,7,7,7,7,7,7,7
675,3,55_3,18 à 24 ans,Femme,Baccalauréat (études universitaires de 1er cycle),,1 à 5 ans,,,,,,,,5,4,5,5,4,5,6,7,5,6,6,5,5,6
676,3,56_3,25 à 34 ans,Femme,Maîtrise (études universitaires de 2e cycle),,Moins de 1 an,,,,,,,,6,6,7,6,6,7,6,6,5,5,6,4,6,6
677,3,57_3,55 ans et plus,Femme,Baccalauréat (études universitaires de 1er cycle),,10 ans et plus,,,,,,,,7,6,6,6,6,6,5,6,6,6,6,6,6,6
678,3,58_3,45 à 54 ans,Femme,Aucun Diplôme,,Moins de 1 an,,,,,,,,7,7,6,5,5,6,6,6,6,6,6,5,6,6
679,3,59_3,25 à 34 ans,Femme,Baccalauréat (études universitaires de 1er cycle),,10 ans et plus,,,,,,,,6,6,7,6,6,6,6,6,6,6,5,6,6,6
680,3,60_3,25 à 34 ans,Femme,D.E.C. (études collégiales),,10 ans et plus,,,,,,,,7,6,7,6,6,7,7,7,6,6,6,6,6,5
681,3,61_3,35 à 44 ans,Femme,D.E.C. (études collégiales),,10 ans et plus,,,,,,,,7,6,7,7,7,7,6,6,7,6,7,6,7,6
682,3,62_3,55 ans et plus,Femme,D.E.C. (études collégiales),,10 ans et plus,,,,,,,,6,7,7,7,6,7,6,6,7,7,6,6,7,6
683,3,63_3,18 à 24 ans,Femme,"Certificat (études universitaires de 1er cycle, 30 crédits)",,1 à 5 ans,,,,,,,,6,6,7,6,7,7,7,7,7,7,7,6,7,7
684,3,64_3,18 à 24 ans,Femme,Baccalauréat (études universitaires de 1er cycle),,1 à 5 ans,,,,,,,,5,6,7,5,6,6,6,5,6,7,7,6,6,6
685,3,65_3,55 ans et plus,Homme,Maîtrise (études universitaires de 2e cycle),,10 ans et plus,,,,,,,,6,6,6,5,5,4,6,5,7,7,6,5,5,7
686,3,66_3,35 à 44 ans,Femme,"D.E.S, D.E.P., A.E.P. (études secondaires)",,Plus de 5 ans à moins de 10 ans,,,,,,,,6,5,6,6,5,6,7,7,6,6,6,5,6,6
687,3,67_3,,Femme,D.E.C. (études collégiales),,Plus de 5 ans à moins de 10 ans,,,,,,,,6,6,6,6,6,6,6,6,7,7,7,6,7,7
688,3,68_3,45 à 54 ans,Femme,Baccalauréat (études universitaires de 1er cycle),,10 ans et plus,,,,,,,,7,7,7,6,7,7,7,7,7,7,7,6,7,7
689,3,69_3,25 à 34 ans,Femme,Baccalauréat (études universitaires de 1er cycle),,1 à 5 ans,,,,,,,,5,5,6,5,4,4,6,6,4,4,5,5,4,5
690,3,70_3,,Femme,"D.E.S, D.E.P., A.E.P. (études secondaires)",,10 ans et plus,,,,,,,,,,,,,,,,,,,,,
691,3,71_3,25 à 34 ans,Femme,Baccalauréat (études universitaires de 1er cycle),,1 à 5 ans,,,,,,,,7,6,6,7,6,6,6,6,6,6,6,4,6,5
692,3,72_3,18 à 24 ans,Femme,D.E.C. (études collégiales),,Moins de 1 an,,,,,,,,7,7,7,7,7,7,7,7,7,7,7,7,7,7
693,3,73_3,,Femme,D.E.C. (études collégiales),,1 à 5 ans,,,,,,,,7,6,6,6,6,6,7,7,5,7,7,7,7,7
694,3,74_3,35 à 44 ans,Femme,D.E.C. (études collégiales),,10 ans et plus,,,,,,,,5,6,6,5,5,6,5,5,6,5,5,5,6,5
695,3,75_3,55 ans et plus,Femme,Aucun Diplôme,,10 ans et plus,,,,,,,,7,6,6,5,6,6,7,7,5,5,5,3,5,5
696,3,76_3,,Femme,D.E.C. (études collégiales),,1 à 5 ans,,,,,,,,2,2,2,2,4,2,1,1,1,1,1,3,1,1
697,3,77_3,35 à 44 ans,Femme,D.E.C. (études collégiales),,10 ans et plus,,,,,,,,7,6,6,6,6,7,7,7,7,7,7,6,7,7
698,3,78_3,,Femme,D.E.C. (études collégiales),,1 à 5 ans,,,,,,,,7,7,7,6,6,6,6,6,7,6,,5,7,7
699,3,79_3,,Femme,D.E.C. (études collégiales),,1 à 5 ans,,,,,,,,5,6,6,6,4,5,7,7,6,6,6,5,6,6
700,3,80_3,25 à 34 ans,Femme,"Certificat (études universitaires de 1er cycle, 30 crédits)",,1 à 5 ans,,,,,,,,6,7,6,6,6,6,6,6,6,7,7,6,7,6
701,3,81_3,25 à 34 ans,Femme,"Certificat (études universitaires de 1er cycle, 30 crédits)",,Plus de 5 ans à moins de 10 ans,,,,,,,,5,5,7,5,5,4,6,6,6,6,6,5,6,5
702,3,82_3,25 à 34 ans,Femme,D.E.C. (études collégiales),,Plus de 5 ans à moins de 10 ans,,,,,,,,6,5,6,5,6,4,7,7,7,7,7,6,6,7
703,3,83_3,,Femme,Aucun Diplôme,,10 ans et plus,,,,,,,,7,1,7,1,4,1,7,7,7,7,7,6,7,7
704,3,84_3,45 à 54 ans,Femme,D.E.C. (études collégiales),,1 à 5 ans,,,,,,,,4,5,7,6,7,4,5,4,6,6,6,4,6,7
705,3,85_3,35 à 44 ans,Femme,Baccalauréat (études universitaires de 1er cycle),,10 ans et plus,,,,,,,,5,6,6,5,5,4,6,6,6,6,6,5,6,5
706,3,86_3,35 à 44 ans,Femme,D.E.C. (études collégiales),,10 ans et plus,,,,,,,,1,1,1,2,1,2,1,1,1,1,1,2,1,1
707,3,87_3,25 à 34 ans,Femme,D.E.C. (études collégiales),,1 à 5 ans,,,,,,,,6,6,6,6,6,6,6,6,6,6,6,6,6,6
708,3,88_3,25 à 34 ans,Femme,D.E.C. (études collégiales),,Plus de 5 ans à moins de 10 ans,,,,,,,,4,5,5,5,4,5,4,5,5,5,5,5,5,5
709,3,89_3,,Femme,Baccalauréat (études universitaires de 1er cycle),,10 ans et plus,,,,,,,,7,7,7,7,6,7,7,7,6,6,6,5,7,6
710,3,90_3,25 à 34 ans,Femme,Baccalauréat (études universitaires de 1er cycle),,10 ans et plus,,,,,,,,7,6,6,3,7,6,7,7,7,7,6,3,7,6
711,3,91_3,18 à 24 ans,Femme,Baccalauréat (études universitaires de 1er cycle),,Moins de 1 an,,,,,,,,7,7,7,7,7,7,4,4,7,7,7,5,7,7
712,3,92_3,,Femme,"D.E.S, D.E.P., A.E.P. (études secondaires)",,10 ans et plus,,,,,,,,4,4,5,5,4,4,5,4,5,5,4,4,5,4
713,3,93_3,,Femme,Baccalauréat (études universitaires de 1er cycle),,Plus de 5 ans à moins de 10 ans,,,,,,,,7,7,7,6,7,7,7,7,7,6,7,5,6,7
714,3,94_3,25 à 34 ans,Femme,D.E.C. (études collégiales),,Plus de 5 ans à moins de 10 ans,,,,,,,,7,7,7,7,7,7,7,7,7,7,7,7,7,7
715,3,95_3,,Femme,"D.E.S, D.E.P., A.E.P. (études secondaires)",,10 ans et plus,,,,,,,,7,7,7,7,7,7,5,5,6,5,6,5,6,5
716,3,96_3,25 à 34 ans,Homme,"Certificat (études universitaires de 1er cycle, 30 crédits)",,Moins de 1 an,,,,,,,,6,7,7,7,6,7,6,6,6,6,6,5,6,6
717,3,97_3,35 à 44 ans,Femme,Maîtrise (études universitaires de 2e cycle),,Plus de 5 ans à moins de 10 ans,,,,,,,,6,6,6,6,6,6,6,6,6,6,6,5,5,5
718,3,98_3,,Femme,D.E.C. (études collégiales),,10 ans et plus,,,,,,,,7,7,7,7,7,7,7,1,7,7,7,7,7,7
719,3,99_3,35 à 44 ans,Femme,Baccalauréat (études universitaires de 1er cycle),,Moins de 1 an,,,,,,,,7,7,7,7,7,7,7,7,7,7,7,6,7,7
720,3,100_3,,Femme,D.E.C. (études collégiales),,Plus de 5 ans à moins de 10 ans,,,,,,,,7,7,7,7,7,7,7,7,7,7,7,7,7,7
721,3,101_3,25 à 34 ans,Femme,D.E.C. (études collégiales),,1 à 5 ans,,,,,,,,7,6,6,7,7,6,7,6,7,7,7,6,6,7
722,3,102_3,25 à 34 ans,Femme,Baccalauréat (études universitaires de 1er cycle),,Plus de 5 ans à moins de 10 ans,,,,,,,,7,7,7,7,7,7,7,7,7,7,7,6,7,7
723,3,103_3,18 à 24 ans,Femme,Baccalauréat (études universitaires de 1er cycle),,1 à 5 ans,,,,,,,,7,6,7,6,6,7,6,6,6,6,6,7,7,7
724,3,104_3,18 à 24 ans,Femme,Baccalauréat (études universitaires de 1er cycle),,1 à 5 ans,,,,,,,,7,7,7,7,7,6,7,7,7,7,7,7,7,7
725,3,105_3,25 à 34 ans,Femme,Maîtrise (études universitaires de 2e cycle),,1 à 5 ans,,,,,,,,5,5,5,5,4,5,6,6,5,5,4,3,3,3
726,3,106_3,45 à 54 ans,Femme,Baccalauréat (études universitaires de 1er cycle),,Plus de 5 ans à moins de 10 ans,,,,,,,,7,7,7,7,7,7,4,4,7,7,7,7,7,7
727,3,107_3,25 à 34 ans,Femme,D.E.C. (études collégiales),,Plus de 5 ans à moins de 10 ans,,,,,,,,7,7,7,7,7,7,7,7,7,7,7,6,7,7
728,3,108_3,25 à 34 ans,Femme,D.E.C. (études collégiales),,Plus de 5 ans à moins de 10 ans,,,,,,,,7,6,6,6,6,6,7,7,6,6,6,7,6,6
729,3,109_3,45 à 54 ans,Femme,Baccalauréat (études universitaires de 1er cycle),,10 ans et plus,,,,,,,,7,5,6,4,6,5,7,7,4,5,6,4,6,6
730,3,110_3,45 à 54 ans,Femme,"Certificat (études universitaires de 1er cycle, 30 crédits)",,10 ans et plus,,,,,,,,6,6,6,6,6,5,6,6,6,5,5,5,5,5
731,3,111_3,45 à 54 ans,Femme,D.E.C. (études collégiales),,10 ans et plus,,,,,,,,2,2,2,2,3,3,2,2,3,3,3,2,3,2
732,3,112_3,25 à 34 ans,Femme,Baccalauréat (études universitaires de 1er cycle),,1 à 5 ans,,,,,,,,6,6,6,5,6,6,6,6,5,5,6,5,5,5
733,3,113_3,55 ans et plus,Femme,"D.E.S, D.E.P., A.E.P. (études secondaires)",,1 à 5 ans,,,,,,,,5,5,5,5,5,5,5,5,5,5,5,5,5,5
734,3,114_3,55 ans et plus,Femme,Baccalauréat (études universitaires de 1er cycle),,10 ans et plus,,,,,,,,7,6,7,7,6,7,7,7,7,7,7,6,7,7
735,3,115_3,45 à 54 ans,Femme,"Certificat (études universitaires de 1er cycle, 30 crédits)",,10 ans et plus,,,,,,,,7,7,7,7,7,6,7,7,7,7,7,7,7,7
736,3,116_3,45 à 54 ans,Homme,Maîtrise (études universitaires de 2e cycle),,Plus de 5 ans à moins de 10 ans,,,,,,,,6,4,5,5,6,6,7,6,6,2,5,5,6,6
737,3,117_3,35 à 44 ans,Femme,Baccalauréat (études universitaires de 1er cycle),,10 ans et plus,,,,,,,,6,6,6,6,6,6,6,6,6,6,6,6,6,6
738,3,118_3,35 à 44 ans,Femme,Maîtrise (études universitaires de 2e cycle),,Plus de 5 ans à moins de 10 ans,,,,,,,,7,6,6,6,7,7,7,7,7,7,7,6,7,7
739,3,119_3,45 à 54 ans,Femme,Baccalauréat (études universitaires de 1er cycle),,Plus de 5 ans à moins de 10 ans,,,,,,,,7,6,6,6,6,6,6,6,6,6,6,5,6,6
740,3,120_3,18 à 24 ans,Femme,D.E.C. (études collégiales),,Moins de 1 an,,,,,,,,7,7,7,7,7,6,6,5,6,6,6,5,6,5
741,3,121_3,35 à 44 ans,Femme,Baccalauréat (études universitaires de 1er cycle),,Plus de 5 ans à moins de 10 ans,,,,,,,,6,6,7,5,6,6,6,6,7,6,6,6,7,6
742,3,122_3,55 ans et plus,Homme,"Certificat (études universitaires de 1er cycle, 30 crédits)",,Plus de 5 ans à moins de 10 ans,,,,,,,,7,6,7,6,7,7,7,7,7,7,6,6,7,7
743,3,123_3,35 à 44 ans,Femme,Maîtrise (études universitaires de 2e cycle),,10 ans et plus,,,,,,,,6,6,7,6,5,5,4,4,6,6,6,5,5,5
744,3,124_3,55 ans et plus,Femme,Baccalauréat (études universitaires de 1er cycle),,Plus de 5 ans à moins de 10 ans,,,,,,,,6,6,7,6,6,6,6,6,7,6,6,6,6,5
745,3,125_3,35 à 44 ans,Femme,Maîtrise (études universitaires de 2e cycle),,1 à 5 ans,,,,,,,,6,5,7,7,5,6,6,5,7,6,7,5,4,7
746,3,126_3,35 à 44 ans,Femme,Baccalauréat (études universitaires de 1er cycle),,Plus de 5 ans à moins de 10 ans,,,,,,,,7,6,7,7,6,7,7,7,7,7,7,6,7,7
747,3,127_3,55 ans et plus,Homme,Baccalauréat (études universitaires de 1er cycle),,10 ans et plus,,,,,,,,6,6,7,6,5,7,6,6,7,7,6,6,7,7
748,3,128_3,35 à 44 ans,Femme,Maîtrise (études universitaires de 2e cycle),,Plus de 5 ans à moins de 10 ans,,,,,,,,7,6,7,7,7,7,7,7,6,6,7,7,6,7
749,3,129_3,45 à 54 ans,Femme,Baccalauréat (études universitaires de 1er cycle),,Plus de 5 ans à moins de 10 ans,,,,,,,,6,6,7,6,7,7,7,6,7,7,7,6,7,7
750,3,130_3,45 à 54 ans,Femme,Maîtrise (études universitaires de 2e cycle),,Plus de 5 ans à moins de 10 ans,,,,,,,,6,6,6,6,6,6,6,6,6,5,5,5,5,5
751,3,131_3,45 à 54 ans,Femme,Baccalauréat (études universitaires de 1er cycle),,1 à 5 ans,,,,,,,,4,5,5,6,3,5,4,5,5,4,4,4,5,5
752,3,132_3,45 à 54 ans,Femme,Baccalauréat (études universitaires de 1er cycle),,Plus de 5 ans à moins de 10 ans,,,,,,,,6,6,7,7,7,7,7,7,7,7,7,5,6,7
753,3,133_3,25 à 34 ans,Femme,Baccalauréat (études universitaires de 1er cycle),,1 à 5 ans,,,,,,,,5,5,6,4,5,5,5,5,5,5,6,3,5,5
754,3,134_3,18 à 24 ans,Femme,"Certificat (études universitaires de 1er cycle, 30 crédits)",,1 à 5 ans,,,,,,,,6,4,6,5,4,5,4,4,4,4,5,3,4,4
755,3,135_3,25 à 34 ans,Femme,Baccalauréat (études universitaires de 1er cycle),,1 à 5 ans,,,,,,,,7,7,7,7,7,5,7,5,7,7,7,5,7,7
756,3,136_3,25 à 34 ans,Homme,Baccalauréat (études universitaires de 1er cycle),,1 à 5 ans,,,,,,,,5,6,6,6,4,7,7,6,6,6,6,5,6,6
757,3,137_3,25 à 34 ans,Femme,Baccalauréat (études universitaires de 1er cycle),,1 à 5 ans,,,,,,,,6,6,6,6,4,4,6,6,2,2,2,6,3,3
758,3,138_3,25 à 34 ans,Femme,Maîtrise (études universitaires de 2e cycle),,1 à 5 ans,,,,,,,,6,6,6,6,6,6,5,5,6,6,6,6,6,6
759,3,139_3,18 à 24 ans,Femme,Baccalauréat (études universitaires de 1er cycle),,Moins de 1 an,,,,,,,,6,6,6,5,6,6,1,1,6,7,7,5,6,7
760,3,140_3,25 à 34 ans,Homme,Baccalauréat (études universitaires de 1er cycle),,1 à 5 ans,,,,,,,,5,6,6,6,6,7,5,6,7,6,6,4,5,5
761,3,141_3,25 à 34 ans,Femme,Doctorat (études universitaires de 3e cycle),,Moins de 1 an,,,,,,,,5,6,7,6,6,7,5,5,6,5,6,4,5,6
762,3,142_3,25 à 34 ans,Femme,Baccalauréat (études universitaires de 1er cycle),,Moins de 1 an,,,,,,,,5,4,6,5,4,5,4,4,5,5,4,4,6,5
763,4,1_4,2,1,2,,,,,,,,,,6,6,6,5,5,5,5,4,5,5,5,5,5,5
764,4,2_4,3,1,3,,,,,,,,,,6,6,6,6,6,6,6,6,6,6,6,5,6,6
765,4,3_4,3,1,2,,,,,,,,,,6,5,6,6,6,6,5,6,6,6,6,6,6,5
766,4,4_4,3,1,2,,,,,,,,,,4,5,6,4,5,5,4,2,5,4,5,1,4,4
767,4,5_4,2,2,2,,,,,,,,,,6,6,6,6,5,5,6,6,4,5,6,5,5,6
768,4,6_4,3,1,2,,,,,,,,,,5,4,5,4,5,5,5,5,5,5,5,5,5,5
769,4,7_4,3,1,2,,,,,,,,,,5,5,6,5,5,5,5,5,6,6,5,5,6,5
770,4,8_4,3,2,2,,,,,,,,,,6,6,6,6,5,6,5,5,5,5,5,4,5,5
771,4,9_4,4,2,3,,,,,,,,,,5,4,5,4,6,3,5,5,5,3,5,3,3,3
772,4,10_4,3,2,4,,,,,,,,,,6,6,6,6,6,6,6,6,6,6,6,5,6,6
773,4,11_4,1,1,3,,,,,,,,,,5,6,7,4,5,5,5,6,7,5,6,3,6,7
774,4,12_4,2,1,3,,,,,,,,,,6,6,6,6,6,5,6,6,6,6,6,4,6,6
775,4,13_4,2,1,4,,,,,,,,,,5,6,6,5,6,6,6,6,6,6,6,5,6,6
776,4,14_4,3,1,1,,,,,,,,,,6,6,6,6,6,6,6,4,6,6,6,4,6,4
777,4,15_4,2,1,2,,,,,,,,,,6,7,7,7,6,6,6,6,7,6,6,4,6,6
778,4,16_4,3,1,3,,,,,,,,,,5,6,6,5,5,5,5,5,6,5,5,6,5,6
779,4,17_4,3,2,4,,,,,,,,,,6,5,6,6,5,6,5,6,7,7,6,5,7,6
780,4,18_4,1,1,3,,,,,,,,,,5,6,6,5,6,6,6,6,6,5,5,5,6,6
781,4,19_4,2,1,3,,,,,,,,,,6,7,7,4,7,7,7,7,7,6,6,4,6,6
782,4,20_4,3,1,2,,,,,,,,,,,,,,,,,,,,,,,
783,4,21_4,1,2,3,,,,,,,,,,,,,,,,,,,,,,,
784,4,22_4,4,1,2,,,,,,,,,,4,4,5,2,4,5,2,3,4,4,4,3,3,3
785,4,23_4,3,1,3,,,,,,,,,,,7,7,3,7,7,6,6,7,6,7,3,6,6
786,4,24_4,2,1,2,,,,,,,,,,4,5,5,4,4,6,4,4,5,5,5,3,5,4
787,4,25_4,1,2,2,,,,,,,,,,5,5,6,5,5,5,6,5,5,5,5,4,4,5
788,4,26_4,2,2,4,,,,,,,,,,3,5,5,4,4,4,4,4,7,6,5,3,7,6
789,4,27_4,3,2,3,,,,,,,,,,5,6,7,6,6,7,4,4,6,5,5,3,7,4
790,4,28_4,3,1,3,,,,,,,,,,5,5,4,4,4,5,5,4,6,5,6,4,5,5
791,4,29_4,1,1,2,,,,,,,,,,7,7,6,6,5,6,6,6,6,6,6,6,6,6
792,4,30_4,3,2,2,,,,,,,,,,,,,,,,,,,,,,,
793,4,31_4,1,1,4,,,,,,,,,,6,6,6,6,5,7,6,6,7,6,6,5,7,6
794,4,32_4,2,1,3,,,,,,,,,,6,5,6,5,7,6,6,5,5,5,7,5,5,6
795,4,33_4,1,1,2,,,,,,,,,,6,6,7,6,7,6,6,6,6,5,6,5,6,6
796,4,34_4,1,1,2,,,,,,,,,,4,7,7,5,7,5,7,7,6,6,7,5,7,7
797,4,35_4,2,1,3,,,,,,,,,,5,5,5,5,5,5,5,5,5,5,5,5,5,5
798,4,36_4,3,,3,,,,,,,,,,6,5,5,5,4,5,5,5,5,5,5,4,5,6
799,4,37_4,1,2,2,,,,,,,,,,4,3,4,3,3,4,4,4,4,4,3,3,4,3
800,4,38_4,1,1,1,,,,,,,,,,5,4,5,2,3,5,5,5,5,5,5,3,3,3
801,4,39_4,3,1,2,,,,,,,,,,5,6,6,6,5,6,6,6,6,6,6,5,6,6
802,4,40_4,2,1,2,,,,,,,,,,4,4,5,4,4,5,5,4,5,4,4,4,5,5
803,4,41_4,3,1,2,,,,,,,,,,5,6,6,5,6,5,6,6,5,5,6,6,6,6
804,4,42_4,3,1,2,,,,,,,,,,5,5,5,3,4,4,4,4,5,3,4,3,4,4
805,4,43_4,1,1,2,,,,,,,,,,,,,,,,,,,,,,,
806,4,44_4,3,1,2,,,,,,,,,,6,6,5,5,6,5,6,6,6,6,6,5,6,6
807,4,45_4,4,1,3,,,,,,,,,,6,5,5,4,5,5,5,4,4,4,4,4,4,4
808,4,46_4,1,2,2,,,,,,,,,,,,,,,,,,,,,,,
809,4,47_4,3,1,4,,,,,,,,,,6,5,6,6,6,6,6,6,5,5,6,6,5,5
810,4,48_4,1,1,3,,,,,,,,,,7,6,7,5,7,4,6,6,7,6,6,6,5,5
811,4,49_4,1,1,2,,,,,,,,,,7,7,7,7,7,7,7,7,7,7,7,7,7,7
812,4,50_4,3,1,2,,,,,,,,,,4,2,5,5,2,5,5,4,5,4,4,2,6,5
813,4,51_4,3,1,4,,,,,,,,,,6,6,6,5,6,6,6,6,6,6,6,4,5,6
814,4,52_4,2,1,4,,,,,,,,,,7,6,7,7,7,5,7,7,7,7,7,7,6,7
815,4,53_4,2,1,4,,,,,,,,,,5,7,7,7,7,7,7,7,7,7,7,7,7,7
816,4,54_4,3,2,3,,,,,,,,,,5,6,6,6,6,7,6,6,7,6,6,5,6,6
817,4,55_4,2,1,4,,,,,,,,,,4,4,5,4,4,6,3,2,4,4,3,2,6,2
818,4,56_4,1,1,4,,,,,,,,,,7,7,7,7,7,5,7,7,7,7,7,6,7,7
819,4,57_4,2,1,2,,,,,,,,,,5,6,6,6,6,6,5,4,6,5,6,6,6,6
820,4,58_4,2,1,3,,,,,,,,,,5,5,5,5,5,4,5,5,4,4,4,5,4,4
821,4,59_4,,,,,,,,,,,,,,,,,,,,,,,,,,
822,4,60_4,2,1,4,,,,,,,,,,5,5,5,5,5,5,5,5,5,5,5,4,5,5
823,4,61_4,3,1,2,,,,,,,,,,6,6,6,6,6,6,6,5,6,5,5,4,5,5
824,4,62_4,2,2,2,,,,,,,,,,5,4,5,5,4,5,4,5,5,4,4,5,4,4
825,4,63_4,1,1,4,,,,,,,,,,5,6,7,6,7,6,6,5,6,6,5,6,6,6
826,4,64_4,2,1,4,,,,,,,,,,7,6,6,6,7,6,7,6,7,7,6,6,6,6
827,4,65_4,1,1,2,,,,,,,,,,,,,,,,,,,,,,,
828,4,66_4,2,1,2,,,,,,,,,,5,5,5,4,5,5,5,5,5,5,5,4,5,5
829,4,67_4,3,1,2,,,,,,,,,,5,5,5,5,5,5,4,4,5,5,5,4,5,5
830,4,68_4,2,1,2,,,,,,,,,,6,5,6,5,6,5,6,6,5,5,6,5,5,5
831,4,69_4,3,1,2,,,,,,,,,,6,4,6,3,4,3,4,4,6,4,4,3,5,4
832,4,70_4,4,1,2,,,,,,,,,,6,5,6,5,5,5,5,5,6,6,5,6,6,6
833,4,71_4,3,2,3,,,,,,,,,,4,4,6,4,6,4,3,4,5,4,5,3,5,4
834,4,72_4,3,1,4,,,,,,,,,,7,6,6,6,6,5,6,6,6,6,5,6,6,6
835,4,73_4,2,1,2,,,,,,,,,,6,6,6,5,6,5,5,5,6,6,6,5,6,5
836,4,74_4,,,,,,,,,,,,,,,,,,,,,,,,,,
837,4,75_4,3,1,3,,,,,,,,,,6,6,6,6,6,6,6,6,6,6,6,6,6,6
838,4,76_4,2,1,3,,,,,,,,,,5,5,5,3,5,4,5,5,5,5,5,5,5,5
839,4,77_4,1,1,2,,,,,,,,,,,,,,,,,,,,,,,
840,4,78_4,2,1,2,,,,,,,,,,6,5,6,5,5,5,5,5,6,6,5,5,6,5
841,4,79_4,4,2,4,,,,,,,,,,4,5,5,6,3,2,2,2,3,3,3,4,5,3
842,4,80_4,2,1,2,,,,,,,,,,5,6,6,4,6,7,6,5,6,6,6,4,6,6
843,4,81_4,2,2,2,,,,,,,,,,4,3,5,4,4,4,4,4,3,4,4,3,4,4
844,4,82_4,2,1,3,,,,,,,,,,4,5,6,4,4,3,3,2,6,5,6,4,5,6
845,4,83_4,2,2,4,,,,,,,,,,5,4,6,5,4,5,4,5,5,5,5,4,5,5
846,4,84_4,3,2,3,,,,,,,,,,6,6,7,5,5,5,5,6,6,6,6,4,6,6
847,4,85_4,3,1,3,,,,,,,,,,5,5,6,6,6,,5,5,6,5,5,5,6,5
848,4,86_4,2,1,2,,,,,,,,,,5,5,5,4,5,4,5,5,5,5,5,5,5,5
849,4,87_4,2,1,2,,,,,,,,,,4,3,5,3,3,3,3,3,4,3,3,3,3,4
850,4,88_4,1,1,4,,,,,,,,,,5,5,6,6,5,5,5,6,6,6,5,4,6,6
851,4,89_4,4,1,2,,,,,,,,,,5,4,4,5,3,3,2,2,2,2,2,3,3,3
852,4,90_4,1,1,2,,,,,,,,,,5,5,5,5,5,5,5,5,5,5,5,5,5,5
853,4,91_4,1,1,3,,,,,,,,,,4,3,5,4,4,5,4,4,5,4,5,5,5,5
854,4,92_4,1,1,4,,,,,,,,,,6,6,6,5,6,5,6,6,6,6,6,5,6,5
855,4,93_4,3,1,2,,,,,,,,,,5,4,5,5,6,5,5,5,6,5,5,4,5,5
856,4,94_4,1,1,2,,,,,,,,,,7,6,5,4,4,5,6,6,5,4,5,4,5,6
857,4,95_4,2,1,3,,,,,,,,,,,,,,,,,,,,,,,
858,4,96_4,4,1,2,,,,,,,,,,5,4,5,5,4,3,3,3,4,4,4,3,4,4
859,4,97_4,2,2,2,,,,,,,,,,5,4,6,6,5,6,5,6,3,4,4,3,4,4
860,4,98_4,2,1,3,,,,,,,,,,4,5,5,5,4,5,4,4,5,5,5,3,5,4
861,4,99_4,3,1,3,,,,,,,,,,4,5,1,4,4,4,4,4,5,4,4,4,4,4
862,4,100_4,1,1,3,,,,,,,,,,5,4,5,4,4,5,5,5,6,5,5,4,5,5
863,4,101_4,2,1,3,,,,,,,,,,4,4,6,4,2,3,4,4,4,4,4,4,5,4
864,4,102_4,2,2,2,,,,,,,,,,,,,,,,,,,,,,,
865,4,103_4,2,2,2,,,,,,,,,,5,4,6,4,4,5,2,3,5,5,4,2,5,5
866,4,104_4,2,1,2,,,,,,,,,,5,5,6,4,5,6,5,5,6,6,6,5,6,5
867,4,105_4,2,1,2,,,,,,,,,,6,6,6,5,4,6,4,3,5,4,4,4,5,5
868,4,106_4,2,1,2,,,,,,,,,,7,5,7,7,4,5,5,5,7,5,6,4,6,7
869,4,107_4,2,2,3,,,,,,,,,,5,5,4,5,4,5,,4,4,4,4,4,3,4
870,4,108_4,3,2,4,,,,,,,,,,5,5,6,6,6,6,7,7,7,5,6,5,6,5
871,4,109_4,3,1,3,,,,,,,,,,5,6,6,6,5,5,4,4,4,4,4,4,5,4
872,4,110_4,3,1,4,,,,,,,,,,6,6,6,6,6,6,7,7,6,6,7,6,6,6
873,4,111_4,4,1,3,,,,,,,,,,,,7,,5,6,5,5,7,6,6,5,6,6
874,4,112_4,4,1,2,,,,,,,,,,6,6,6,4,5,6,4,4,6,4,4,4,5,4
875,4,113_4,3,1,2,,,,,,,,,,5,5,5,5,5,5,5,5,4,4,5,4,5,5
876,4,114_4,2,1,3,,,,,,,,,,6,6,6,6,6,6,5,5,7,7,6,5,5,6
877,4,115_4,1,1,2,,,,,,,,,,7,7,7,6,6,6,7,7,7,7,7,7,7,7
878,4,116_4,2,1,2,,,,,,,,,,4,4,5,3,4,3,4,4,4,4,4,3,4,4
879,4,117_4,2,1,2,,,,,,,,,,5,7,7,5,7,5,5,4,7,7,7,5,6,7
880,4,118_4,2,2,2,,,,,,,,,,6,6,6,6,6,6,4,4,6,6,4,5,6,4
881,4,119_4,3,1,2,,,,,,,,,,6,7,7,6,7,2,6,5,6,6,6,4,7,6
882,4,120_4,3,1,2,,,,,,,,,,4,4,6,4,6,4,4,3,6,5,4,3,6,3
883,4,121_4,3,1,4,,,,,,,,,,7,5,6,7,6,6,7,7,6,6,6,4,5,6
884,4,122_4,3,1,2,,,,,,,,,,5,4,4,5,3,6,5,5,4,4,4,5,3,5
885,4,123_4,3,1,3,,,,,,,,,,6,6,6,5,6,5,5,4,5,6,6,5,6,5
886,4,124_4,2,1,3,,,,,,,,,,6,6,6,6,6,6,5,6,6,6,6,5,6,5
887,4,125_4,1,1,3,,,,,,,,,,7,7,7,4,5,7,6,5,7,5,5,3,5,5
888,5,1_5,22,1,2,,,,,,,,,,6,5,6,5,5,5,5,5,5,5,6,3,5,5
889,5,2_5,23,1,2,,,,,,,,,,5,6,6,5,5,6,6,6,5,5,6,5,5,5
890,5,3_5,22,1,2,,,,,,,,,,6,6,6,5,6,5,6,6,6,6,6,6,6,6
891,5,4_5,22,1,2,,,,,,,,,,5,5,5,5,4,5,5,5,4,4,4,4,4,4
892,5,5_5,26,1,3,,,,,,,,,,5,4,5,4,4,4,4,3,4,4,4,3,3,4
893,5,6_5,25,1,3,,,,,,,,,,5,5,5,5,5,5,5,5,5,5,5,5,5,5
894,5,7_5,23,1,3,,,,,,,,,,4,4,4,4,2,3,3,4,4,4,4,5,1,2
895,5,8_5,23,1,3,,,,,,,,,,5,5,5,5,6,5,6,6,4,5,5,5,5,5
896,5,9_5,26,1,3,,,,,,,,,,5,5,6,4,4,6,5,5,4,5,5,5,5,5
897,5,10_5,22,1,2,,,,,,,,,,6,6,6,6,6,6,6,6,6,6,6,5,6,6
898,5,11_5,22,1,2,,,,,,,,,,5,4,5,4,4,4,5,5,5,5,5,5,5,5
899,5,12_5,25,1,2,,,,,,,,,,5,4,4,4,3,3,5,5,5,5,4,3,4,4
900,5,13_5,26,1,2,,,,,,,,,,5,4,4,5,4,4,4,4,4,5,5,4,4,5
901,5,14_5,23,1,4,,,,,,,,,,5,5,5,4,4,5,5,5,4,4,4,4,4,5
902,5,15_5,25,1,3,,,,,,,,,,5,4,6,4,3,4,5,4,4,4,4,3,4,4
903,5,16_5,22,1,2,,,,,,,,,,4,3,4,4,4,4,3,4,4,3,3,3,3,3
904,5,17_5,22,1,2,,,,,,,,,,5,5,5,5,4,3,6,6,5,5,5,3,4,4
905,5,18_5,26,1,3,,,,,,,,,,4,4,5,4,5,4,5,4,5,5,5,2,4,5
906,5,19_5,25,1,2,,,,,,,,,,5,4,4,4,4,5,5,4,4,4,4,4,4,4
907,5,20_5,22,1,2,,,,,,,,,,5,5,5,6,6,6,5,5,5,5,5,5,5,5
908,5,21_5,21,1,2,,,,,,,,,,6,4,5,5,5,6,5,5,6,6,5,4,4,5
909,5,22_5,22,1,2,,,,,,,,,,6,5,5,5,5,5,4,4,5,5,5,2,5,5
910,5,23_5,23,1,2,,,,,,,,,,5,5,5,5,5,5,6,6,4,4,5,5,4,5
911,5,24_5,32,1,3,,,,,,,,,,6,6,6,5,5,4,6,5,6,5,5,4,4,5
912,5,25_5,22,1,2,,,,,,,,,,6,5,6,6,5,5,4,5,5,5,5,5,5,5
913,5,26_5,22,1,5,,,,,,,,,,5,4,4,5,4,5,6,6,4,4,5,4,5,5
914,5,27_5,22,1,2,,,,,,,,,,5,5,5,5,6,7,7,5,6,6,6,6,6,6
915,5,28_5,25,1,4,,,,,,,,,,5,5,5,5,5,5,6,6,6,6,6,5,5,5
916,5,29_5,22,1,2,,,,,,,,,,4,4,4,5,5,5,4,4,5,5,5,5,4,4
917,5,30_5,30,1,4,,,,,,,,,,6,5,5,6,4,5,5,4,5,5,6,1,5,5
918,5,31_5,29,1,4,,,,,,,,,,5,6,6,5,5,7,6,6,7,7,5,5,7,5
919,5,32_5,23,1,4,,,,,,,,,,6,6,6,6,6,6,7,7,6,6,6,6,6,6
920,5,33_5,26,1,4,,,,,,,,,,5,4,5,5,5,5,5,5,5,5,6,4,5,6
921,5,34_5,26,1,4,,,,,,,,,,4,4,4,3,4,4,4,4,4,4,4,4,4,4
922,5,35_5,29,1,2,,,,,,,,,,3,3,3,5,3,5,3,3,5,5,5,4,3,3
923,5,36_5,22,1,2,,,,,,,,,,6,4,7,5,7,6,5,4,6,6,6,6,6,6
924,5,37_5,22,1,2,,,,,,,,,,5,4,5,4,4,5,5,5,5,5,5,4,4,4
925,5,38_5,35,1,1,,,,,,,,,,3,3,4,4,3,4,3,3,2,3,3,3,2,3
926,5,39_5,28,1,2,,,,,,,,,,7,6,5,5,6,6,6,6,5,7,7,4,6,7
927,5,40_5,23,1,2,,,,,,,,,,4,4,5,4,4,4,5,4,4,4,4,4,5,4
928,5,41_5,24,1,2,,,,,,,,,,6,7,7,7,7,7,7,7,7,7,7,7,7,7
929,5,42_5,24,1,3,,,,,,,,,,5,3,5,4,5,6,6,6,4,4,5,7,6,6
930,5,43_5,24,1,2,,,,,,,,,,6,6,6,5,5,5,7,7,6,5,5,5,6,7
931,5,44_5,24,2,3,,,,,,,,,,6,6,7,7,6,7,7,7,7,5,7,5,6,7
932,5,45_5,24,2,2,,,,,,,,,,5,5,6,5,4,5,6,6,5,4,5,6,5,5
933,5,46_5,22,1,3,,,,,,,,,,5,5,5,5,5,5,4,5,4,4,4,4,4,4
934,5,47_5,26,1,3,,,,,,,,,,5,4,3,4,4,4,5,5,3,3,3,3,3,4
935,5,48_5,24,1,3,,,,,,,,,,5,5,5,5,5,6,6,6,5,5,5,5,5,5
936,5,49_5,23,1,2,,,,,,,,,,5,4,5,5,4,5,5,6,5,5,5,5,5,5
937,5,50_5,23,1,2,,,,,,,,,,5,5,5,5,5,5,5,5,5,5,5,5,5,5
938,5,51_5,22,1,2,,,,,,,,,,4,4,4,4,4,5,4,4,4,4,5,4,4,5
939,5,52_5,23,1,3,,,,,,,,,,6,5,6,6,5,7,6,6,6,6,6,5,6,6
940,5,53_5,23,1,2,,,,,,,,,,3,2,7,3,7,7,6,6,6,4,4,2,2,4
941,5,54_5,22,1,2,,,,,,,,,,5,4,5,4,4,5,5,5,5,4,5,5,4,5
942,5,55_5,22,1,2,,,,,,,,,,6,5,5,5,5,5,7,7,6,5,5,5,5,5
943,5,56_5,23,1,2,,,,,,,,,,5,4,5,4,4,5,5,5,4,4,4,4,4,4
944,5,57_5,24,1,2,,,,,,,,,,4,3,4,3,3,3,4,4,3,3,3,4,3,3
945,5,58_5,22,1,2,,,,,,,,,,6,4,5,5,4,5,5,6,4,5,5,5,4,6
946,5,59_5,21,1,2,,,,,,,,,,6,5,7,6,6,6,6,6,6,6,6,5,6,6
947,5,60_5,22,1,2,,,,,,,,,,5,6,6,6,4,6,6,4,5,5,5,4,6,5
948,5,61_5,23,1,2,,,,,,,,,,5,4,4,4,4,5,5,4,5,5,5,5,5,5
949,5,62_5,24,1,2,,,,,,,,,,5,5,5,5,4,6,6,6,5,5,5,4,5,5
950,5,63_5,22,1,2,,,,,,,,,,6,5,6,6,5,6,6,6,6,6,6,6,6,6
951,5,64_5,22,2,2,,,,,,,,,,6,7,7,6,6,7,6,6,6,6,6,6,6,6
952,5,65_5,23,1,2,,,,,,,,,,5,4,4,4,4,5,4,4,4,4,4,4,4,4
953,5,66_5,21,2,2,,,,,,,,,,5,5,5,5,5,5,5,5,5,5,5,5,5,5
954,5,67_5,25,1,2,,,,,,,,,,5,4,5,4,4,4,4,4,3,4,4,3,3,3
955,5,68_5,22,1,2,,,,,,,,,,7,7,7,7,7,7,7,7,7,7,7,7,7,7
956,5,69_5,22,1,2,,,,,,,,,,4,3,6,4,3,3,4,3,5,4,3,4,2,3
957,5,70_5,24,1,2,,,,,,,,,,4,4,4,4,4,4,4,4,4,4,4,3,3,3
958,5,71_5,25,1,2,,,,,,,,,,4,4,4,4,4,4,5,4,4,4,4,4,4,4
959,5,72_5,25,1,2,,,,,,,,,,4,3,4,5,4,5,4,5,4,5,4,4,4,5
960,5,73_5,27,1,2,,,,,,,,,,5,5,5,6,6,6,5,5,6,6,6,6,5,5
961,5,74_5,22,1,2,,,,,,,,,,6,6,6,5,5,5,6,6,5,6,6,5,5,5
962,5,75_5,23,1,2,,,,,,,,,,4,5,5,5,4,5,4,4,5,5,5,4,4,5
963,5,76_5,23,1,2,,,,,,,,,,6,6,6,6,6,6,6,6,6,6,6,6,6,6
964,5,77_5,23,1,2,,,,,,,,,,5,5,6,5,4,5,7,7,5,5,5,4,5,5
965,5,78_5,26,1,1,,,,,,,,,,6,6,7,5,7,6,7,7,7,6,6,6,6,7
966,5,79_5,24,1,2,,,,,,,,,,4,3,3,4,3,3,4,4,5,3,2,2,3,3
967,5,80_5,22,1,2,,,,,,,,,,5,6,6,4,5,4,4,4,5,4,5,4,4,4
968,5,81_5,23,1,2,,,,,,,,,,5,6,6,6,5,5,6,6,6,6,6,6,6,6
969,5,82_5,22,1,2,,,,,,,,,,6,5,5,5,5,6,5,5,4,5,6,5,5,6
970,5,83_5,22,1,2,,,,,,,,,,6,5,6,6,5,6,6,6,5,5,6,5,5,5
971,5,84_5,22,1,2,,,,,,,,,,5,5,6,6,5,6,6,6,6,6,6,6,5,6
972,5,85_5,22,1,2,,,,,,,,,,7,5,6,6,5,7,5,5,7,7,7,5,7,7
973,5,86_5,23,1,2,,,,,,,,,,6,5,6,6,5,6,7,7,6,6,6,5,6,6
974,5,87_5,22,1,2,,,,,,,,,,5,5,5,5,5,5,5,5,5,4,5,5,5,5
975,5,88_5,23,2,2,,,,,,,,,,5,5,5,5,5,4,6,6,5,5,5,5,5,5
976,5,89_5,36,1,4,,,,,,,,,,5,4,5,4,4,3,4,4,4,5,5,3,4,5
977,6,1_6,29,1,6,,,,,2,1,1,1,1,5,3,3,5,2,3,6,6,6,4,4,2,3,3
978,6,2_6,20,2,8,,,,,1,1,2,2,1,4,3,3,4,2,3,4,5,4,4,4,3,3,3
979,6,3_6,20,1,3,,,,,1,1,1,,1,7,4,4,4,6,6,6,4,6,6,5,6,6,6
980,6,4_6,,,,,,,,,,,,,,,,,,,,,,,,,,
981,6,5_6,32,2,6,,,,,3,1,2,,1,4,4,4,4,4,4,4,4,4,4,4,4,4,4
982,6,6_6,20,2,5,,,,,1,1,1,3,1,3,2,2,2,2,2,2,2,6,6,6,2,,4
983,6,7_6,21,1,6,,,,,1,1,1,3,1,6,5,5,4,5,5,3,4,6,5,4,3,5,5
984,6,8_6,37,1,2,,,,,2,4,2,,1,7,7,7,7,6,7,6,5,6,7,7,6,7,7
985,6,9_6,25,2,8,,,,,1,1,1,,1,,,,,,,,,,,,,,
986,6,10_6,25,2,7,,,,,1,1,1,2,1,7,6,6,5,5,5,4,4,4,4,4,4,5,4
987,6,11_6,,2,5,,,,,1,1,1,2,1,3,3,3,3,2,3,3,4,3,3,3,2,2,2
988,6,12_6,,1,8,,,,,1,1,1,2,1,2,6,6,6,4,6,5,6,6,6,5,6,6,6
989,6,13_6,21,2,5,,,,,1,1,1,2,1,5,5,5,4,4,6,6,4,3,5,4,4,4,4
990,6,14_6,35,2,6,,,,,2,3,2,,1,1,1,1,1,1,1,1,1,4,1,1,4,1,1
991,6,15_6,,,,,,,,,,,,,,,,,,,,,,,,,,
992,6,16_6,19,2,5,,,,,1,1,2,2,1,6,5,6,6,5,7,7,5,5,5,5,6,6,6
993,6,17_6,19,1,5,,,,,1,1,1,1,1,6,6,6,5,4,7,2,7,6,7,6,5,6,6
994,6,18_6,21,1,5,,,,,2,1,1,2,1,5,5,7,5,3,7,2,4,5,6,4,1,5,4
995,6,19_6,,2,8,,,,,2,1,1,2,1,6,6,6,6,5,7,5,6,6,7,6,6,6,6
996,6,20_6,21,2,5,,,,,1,1,1,2,2,5,5,6,6,5,6,2,6,7,7,6,5,6,6
997,6,21_6,28,1,7,,,,,2,2,2,1,1,6,6,6,6,6,6,5,6,6,6,7,6,6,6
998,6,22_6,,,,,,,,,,,,,,,,,,,,,,,,,,
999,6,23_6,,1,7,,,,,1,1,1,,1,6,6,6,6,6,5,7,7,7,5,7,5,5,7
1000,6,24_6,22,2,9,,,,,1,1,2,,1,6,4,4,5,6,6,6,6,4,4,5,6,5,6
1001,6,25_6,23,1,8,,,,,1,1,2,,1,5,4,3,5,5,6,4,3,5,4,5,3,5,5
1002,6,26_6,20,1,7,,,,,1,1,1,2,1,5,4,3,4,2,4,5,4,2,4,3,5,3,5
1003,6,27_6,22,2,5,,,,,1,1,1,2,1,5,3,3,2,2,4,2,2,2,2,2,3,2,2
1004,6,28_6,,,,,,,,,,,,,,,,,,,,,,,,,,
1005,6,29_6,25,1,7,,,,,2,1,1,2,1,5,5,6,5,6,6,5,5,6,6,5,4,5,6
1006,6,30_6,,,,,,,,,,,,,,,,,,,,,,,,,,
1007,6,31_6,,2,8,,,,,1,1,2,,1,,,,,,,,,,,,,,
1008,6,32_6,22,2,6,,,,,1,1,2,2,1,7,6,6,6,6,7,7,7,6,6,6,6,6,6
1009,6,33_6,38,2,6,,,,,2,1,1,1,2,4,4,4,4,3,2,3,4,3,4,4,2,3,3
1010,6,34_6,,,,,,,,,,,,,,,,,,,,,,,,,,
1011,6,35_6,20,2,9,,,,,2,1,2,,1,6,5,6,6,4,7,,6,6,6,6,6,6,6
1012,6,36_6,29,1,7,,,,,1,1,1,1,2,4,5,5,5,4,6,2,6,4,5,5,4,5,5
1013,6,37_6,21,1,7,,,,,1,1,1,3,1,1,3,7,7,7,7,1,7,7,1,7,1,7,7
1014,6,38_6,28,2,7,,,,,1,1,1,2,1,4,4,4,4,4,4,6,6,4,4,6,4,4,6
1015,6,39_6,,,,,,,,,,,,,,,,,,,,,,,,,,
1016,6,40_6,,,,,,,,,,,,,,,,,,,,,,,,,,
1017,6,41_6,20,2,5,,,,,1,1,1,2,1,5,5,5,4,4,4,5,6,4,4,5,3,4,4
1018,6,42_6,19,2,5,,,,,1,1,1,1,2,6,5,5,5,6,6,6,6,6,6,6,6,6,6
1019,6,43_6,21,2,6,,,,,1,1,1,,1,7,7,7,6,7,7,5,5,7,6,6,5,6,6
1020,6,44_6,33,2,7,,,,,2,1,1,1,2,4,3,4,3,3,3,3,4,4,4,4,3,3,3
1021,6,45_6,22,2,6,,,,,2,1,1,2,1,5,4,5,5,3,5,5,4,5,3,3,5,3,3
1022,6,46_6,22,2,6,,,,,1,1,2,,1,5,5,6,7,6,6,7,7,6,6,6,4,6,5
1023,6,47_6,22,1,7,,,,,1,1,1,1,1,5,5,5,4,5,6,4,5,5,5,4,5,5,5
1024,6,48_6,20,2,5,,,,,1,1,1,2,1,3,3,3,4,3,4,3,4,4,3,3,3,3,3
1025,6,49_6,20,1,5,,,,,1,1,2,,1,3,3,4,4,2,3,2,3,6,4,3,3,4,3
1026,6,50_6,20,,5,,,,,1,1,2,2,1,3,2,2,2,2,2,3,3,3,3,3,3,3,3
1027,6,51_6,23,1,9,,,,,1,1,1,3,1,5,5,5,5,4,5,6,6,4,3,6,3,5,6
1028,6,52_6,19,2,5,,,,,1,1,1,2,1,5,5,5,6,6,7,3,5,4,5,4,2,3,4
1029,6,53_6,20,2,7,,,,,1,1,2,2,1,5,4,5,5,4,5,4,4,5,4,5,5,4,4
1030,6,54_6,,,,,,,,,,,,,,,,,,,,,,,,,,
1031,6,55_6,20,1,8,,,,,1,1,1,2,1,4,4,4,5,6,6,5,5,6,4,5,6,5,5
1032,6,56_6,21,2,6,,,,,1,1,1,2,1,4,4,4,5,5,6,6,5,5,4,6,4,4,6
1033,6,57_6,20,1,6,,,,,1,1,1,2,1,6,5,5,6,6,6,5,6,6,5,5,6,5,5
1034,6,58_6,21,2,5,,,,,1,1,1,2,1,6,5,5,5,4,5,3,4,4,5,4,3,4,4
1035,6,59_6,21,2,6,,,,,1,1,2,2,1,7,6,6,5,5,6,4,5,5,5,5,5,5,4
1036,6,60_6,19,2,5,,,,,,1,1,2,1,5,4,5,5,4,5,6,5,3,3,4,5,3,3
1037,6,61_6,,,,,,,,,,,,,,,,,,,,,,,,,,
1038,6,62_6,21,2,6,,,,,1,1,1,2,1,5,4,6,5,4,4,2,5,5,5,5,3,4,4
1039,6,63_6,21,2,8,,,,,1,1,2,3,1,7,7,7,7,7,7,7,7,7,7,7,7,7,7
1040,6,64_6,23,2,7,,,,,1,1,1,2,1,5,5,5,5,5,6,5,4,5,4,5,4,5,5
1041,6,65_6,21,2,9,,,,,1,1,2,1,1,7,5,4,4,6,5,1,5,2,3,6,6,5,6
1042,6,66_6,19,2,5,,,,,1,1,1,2,1,5,4,6,5,4,7,2,4,6,5,5,3,6,5
1043,6,67_6,19,2,8,,,,,1,1,1,2,1,5,4,6,4,3,5,4,4,4,4,5,4,4,4
1044,6,68_6,21,1,6,,,,,1,1,1,2,1,5,4,4,5,5,5,5,5,5,5,4,5,5,5
1045,6,69_6,20,2,5,,,,,1,1,2,2,1,5,4,3,5,4,6,6,5,5,6,6,4,4,5
1046,6,70_6,19,2,5,,,,,1,1,1,1,1,5,4,4,4,3,2,2,2,4,3,3,3,2,2
1047,6,71_6,25,1,5,,,,,1,1,2,,1,7,4,4,6,7,6,1,6,7,7,7,4,6,5
1048,6,72_6,20,,8,,,,,1,1,1,2,1,5,4,5,6,3,5,4,4,6,4,2,2,3,
1049,6,73_6,,,,,,,,,,,,,,,,,,,,,,,,,,
1050,6,74_6,,,,,,,,,,,,,,,,,,,,,,,,,,
1051,6,75_6,28,2,8,,,,,2,1,1,,1,6,5,5,6,6,7,,5,6,6,6,4,5,4
1052,6,76_6,22,1,5,,,,,1,1,1,2,1,5,4,4,6,5,6,7,4,4,4,5,6,4,4
1053,6,77_6,19,2,5,,,,,1,1,2,2,1,5,4,5,4,4,4,3,3,3,4,3,4,3,3
1054,6,78_6,23,2,8,,,,,2,1,1,,1,2,5,5,5,4,6,5,6,4,5,4,3,5,5
1055,6,79_6,22,1,6,,,,,1,1,1,3,1,5,4,4,4,4,6,7,6,6,6,5,4,5,5
1056,6,80_6,,,,,,,,,,,,,,,,,,,,,,,,,,
1057,6,81_6,,2,5,,,,,1,1,1,2,1,5,4,6,5,4,4,4,4,5,4,4,5,4,5
1058,6,82_6,21,2,6,,,,,2,1,2,,1,5,5,5,5,4,6,1,4,3,4,4,3,2,4
1059,6,83_6,20,1,8,,,,,1,1,1,1,1,,,,,,,,,,,,,,
1060,6,84_6,24,1,8,,,,,1,1,2,,1,4,5,5,5,4,6,4,6,6,6,7,4,6,7
1061,6,85_6,19,1,5,,,,,1,1,2,,3,5,4,4,5,4,5,3,5,4,5,4,4,3,3
1062,6,86_6,22,1,5,,,,,2,6,2,2,1,5,4,4,4,4,4,2,5,5,5,4,4,5,5
1063,6,87_6,,2,8,,,,,1,1,1,2,1,5,5,6,5,5,6,4,5,4,4,4,4,4,4
1064,6,88_6,,2,5,,,,,1,1,2,,1,5,2,2,3,2,6,5,4,4,4,4,4,5,5
1065,6,89_6,,,,,,,,,,,,,,,,,,,,,,,,,,
1066,6,90_6,27,1,8,,,,,1,1,2,2,1,6,6,6,6,6,6,3,5,5,5,5,4,5,6
1067,6,91_6,23,2,,,,,,3,1,2,2,1,5,4,5,5,6,6,3,6,6,4,6,2,5,4
1068,6,92_6,20,2,5,,,,,1,1,2,3,1,3,3,,4,5,6,5,4,5,4,6,4,6,6
1069,6,93_6,21,2,6,,,,,1,1,1,2,1,5,7,6,6,5,7,5,5,5,4,5,4,5,5
1070,6,94_6,19,1,5,,,,,1,1,2,4,1,5,5,4,4,5,5,5,6,5,5,5,6,5,5
1071,6,95_6,19,2,5,,,,,1,1,1,2,1,7,5,5,4,4,5,7,7,5,4,4,7,4,4
1072,6,96_6,22,1,7,,,,,1,1,1,2,1,4,4,4,5,4,4,4,4,5,4,4,3,4,4
1073,6,97_6,22,1,7,,,,,1,1,1,1,1,7,5,4,7,4,7,4,3,4,4,7,3,4,7
1074,6,98_6,23,1,4,,,,,1,1,2,,1,7,5,5,6,5,6,4,5,7,7,6,4,6,6
1075,6,99_6,22,2,6,,,,,1,1,1,2,1,5,4,4,5,5,5,4,5,5,5,5,5,6,6
1076,6,100_6,28,2,6,,,,,2,1,2,4,1,2,4,5,4,3,4,4,4,4,5,5,4,4,4
1077,6,101_6,20,2,5,,,,,1,1,1,2,1,5,4,3,2,5,4,5,3,2,3,2,4,2,2
1078,6,102_6,,,,,,,,,,,,,,,,,,,,,,,,,,
1079,6,103_6,19,1,5,,,,,1,1,2,,1,5,3,5,5,5,5,4,6,5,4,5,4,5,5
1080,6,104_6,20,2,5,,,,,1,1,2,2,1,4,4,4,3,2,3,3,3,3,3,3,3,3,3
1081,6,105_6,43,2,7,,,,,2,2,1,1,2,3,3,3,5,3,5,5,5,5,5,5,3,3,3
1082,6,106_6,20,1,8,,,,,1,1,1,2,1,5,3,3,5,4,5,2,3,4,5,4,3,2,2
1083,6,107_6,20,1,5,,,,,1,1,1,2,1,6,5,6,6,5,5,5,7,6,6,7,5,5,6
1084,6,108_6,24,2,6,,,,,2,1,1,3,1,6,4,5,5,5,5,7,6,4,4,6,4,5,6
1085,6,109_6,19,2,5,,,,,1,1,2,2,1,4,5,5,5,5,5,2,5,4,4,4,4,3,4
1086,6,110_6,19,2,5,,,,,1,1,2,2,1,5,6,6,5,5,5,4,5,5,5,5,4,5,4
1087,6,111_6,,,,,,,,,,,,,,,,,,,,,,,,,,
1088,6,112_6,,2,5,,,,,1,1,1,2,1,6,6,7,7,7,7,5,5,5,6,6,4,5,5
1089,6,113_6,,,,,,,,,,,,,,,,,,,,,,,,,,
1090,6,114_6,20,2,6,,,,,1,1,1,2,1,5,5,5,5,5,6,6,6,6,5,6,4,5,6
1091,6,115_6,29,2,8,,,,,2,1,1,1,2,6,6,6,6,6,6,6,6,6,6,6,6,6,6
1092,6,116_6,26,2,7,,,,,1,1,1,1,2,6,6,6,5,6,6,5,4,7,7,7,5,7,6
1093,6,117_6,24,2,7,,,,,1,1,1,2,1,6,6,6,6,5,7,5,6,7,6,6,6,6,6
1094,6,118_6,20,1,5,,,,,1,1,1,3,1,6,5,6,6,4,6,1,4,5,6,5,2,5,5
1095,6,119_6,19,1,5,,,,,1,1,2,3,1,5,5,5,5,4,5,5,5,5,5,5,5,5,5
1096,6,120_6,20,2,6,,,,,1,1,1,2,1,6,7,6,6,5,6,4,5,6,6,5,4,6,5
1097,6,121_6,19,1,6,,,,,1,1,1,2,1,5,5,5,6,6,7,1,7,5,5,6,4,5,5
1098,6,122_6,19,2,5,,,,,1,1,2,2,1,4,4,5,5,3,4,3,4,3,4,4,5,2,3
1099,6,123_6,24,2,5,,,,,1,1,2,2,1,4,5,5,5,4,6,5,5,4,5,5,4,5,4
1100,6,124_6,22,1,5,,,,,1,1,1,2,1,,,,,,,,,,,,,,
1101,6,125_6,20,2,5,,,,,1,1,1,2,1,6,5,5,6,5,6,5,6,6,6,6,4,6,6
1102,6,126_6,20,2,5,,,,,1,1,1,2,1,6,5,5,5,5,6,5,5,5,6,6,5,6,6
1103,6,127_6,23,2,6,,,,,1,1,1,2,1,5,6,6,6,5,6,5,6,4,5,6,5,5,4
1104,6,128_6,,1,6,,,,,1,1,1,2,1,2,2,3,2,3,2,2,2,2,2,2,2,2,2
1105,6,129_6,21,1,5,,,,,1,1,1,2,1,5,5,6,6,4,5,2,3,5,5,5,5,5,5
1106,6,130_6,,1,6,,,,,1,1,1,2,1,5,6,6,6,4,7,4,5,6,5,5,4,6,6
1107,6,131_6,23,2,6,,,,,1,1,1,1,1,5,6,6,6,5,5,4,4,6,6,6,4,5,5
1108,6,132_6,21,2,5,,,,,1,1,1,2,1,6,6,6,6,5,6,6,6,5,5,5,6,6,6
1109,6,133_6,19,2,5,,,,,1,1,1,2,1,5,4,4,5,4,4,6,4,4,4,5,4,4,4
1110,6,134_6,21,1,6,,,,,1,1,1,2,1,6,5,5,6,6,5,4,5,5,5,6,4,5,5
1111,6,135_6,21,1,8,,,,,1,1,1,2,1,5,4,6,7,6,7,5,5,5,4,5,4,5,6
1112,6,136_6,21,2,6,,,,,1,1,1,2,1,6,6,7,6,5,6,4,6,4,6,6,4,5,6
1113,6,137_6,19,2,8,,,,,1,1,1,2,1,7,6,6,6,7,7,6,7,7,6,6,6,7,7
1114,6,138_6,,,,,,,,,,,,,,,,,,,,,,,,,,
1115,6,139_6,26,2,5,,,,,1,1,2,2,1,5,5,5,7,5,7,4,5,6,6,6,4,7,6
1116,6,140_6,20,2,8,,,,,1,1,1,,1,5,3,5,5,3,6,5,3,2,3,2,5,5,5
1117,6,141_6,20,1,6,,,,,1,1,2,2,1,2,5,6,6,5,6,2,5,6,6,5,4,5,5
1118,6,142_6,23,2,5,,,,,1,1,1,2,1,5,4,5,4,2,5,3,3,4,3,4,3,4,3
1119,6,143_6,22,1,5,,,,,1,1,1,2,1,6,6,7,6,1,7,7,7,4,5,6,1,3,6
1120,6,144_6,23,2,3,,,,,1,1,2,3,2,5,3,3,5,3,5,3,3,2,4,3,5,4,4
1121,6,145_6,,1,9,,,,,1,1,1,3,2,6,6,6,4,5,2,1,3,6,6,5,4,6,3
1122,6,146_6,20,1,5,,,,,1,1,1,3,1,5,5,5,5,6,7,1,7,6,6,5,4,5,6
1123,6,147_6,20,2,6,,,,,1,1,2,2,1,4,7,7,7,7,7,5,6,6,5,6,2,6,6
1124,6,148_6,,,,,,,,,,,,,,,,,,,,,,,,,,
1125,6,149_6,29,1,8,,,,,2,1,2,2,1,6,4,7,7,6,7,6,5,6,6,6,4,6,6
1126,6,150_6,22,2,7,,,,,1,1,1,1,2,7,7,7,7,5,7,7,7,7,7,7,6,7,6
1127,6,151_6,19,1,5,,,,,2,1,1,2,1,5,5,5,6,4,6,6,5,6,5,5,5,5,5
1128,6,152_6,22,1,7,,,,,1,1,1,2,1,5,5,6,7,7,7,7,6,5,6,5,5,5,5
1129,6,153_6,21,1,5,,,,,1,1,1,2,1,6,3,4,6,5,6,6,5,5,5,5,4,5,5
1130,6,154_6,21,1,9,,,,,1,1,1,3,1,4,3,4,3,2,6,4,4,4,6,7,4,4,6
1131,6,155_6,23,2,8,,,,,2,1,1,2,1,5,6,3,4,6,5,1,4,5,6,3,3,5,4
1132,6,156_6,28,2,7,,,,,1,1,1,1,2,6,6,6,6,6,5,5,6,6,5,6,6,6,6
1133,6,157_6,20,2,5,,,,,1,1,1,2,1,6,5,5,6,5,5,6,6,5,5,4,5,4,4
1134,6,158_6,20,1,5,,,,,1,1,1,,1,5,5,5,5,5,5,5,4,5,5,5,5,5,5
1135,6,159_6,20,1,5,,,,,1,1,1,2,1,5,4,4,5,5,6,5,5,5,4,6,4,4,5
1136,6,160_6,21,2,6,,,,,1,1,1,,1,4,4,5,4,5,5,5,6,4,5,4,4,3,3
1137,6,161_6,25,1,5,,,,,1,1,2,2,1,5,4,5,6,4,5,7,6,6,6,6,6,5,5
1138,6,162_6,22,1,8,,,,,1,1,1,,1,6,6,6,6,4,5,6,4,5,5,6,5,6,6
1139,6,163_6,,,,,,,,,,,,,,,,,,,,,,,,,,
1140,6,164_6,37,2,6,,,,,4,3,1,1,1,6,6,7,5,6,7,3,6,7,7,7,5,7,7
1141,6,165_6,20,2,5,,,,,1,1,1,2,1,6,5,6,6,5,6,4,5,4,4,5,5,5,5
1142,6,166_6,,2,7,,,,,1,1,,,1,6,5,3,,6,2,3,4,5,,6,3,4,6
1143,6,167_6,31,2,6,,,,,1,1,2,3,1,6,4,6,4,4,4,4,4,4,6,6,4,6,6
1144,6,168_6,21,1,4,,,,,1,1,1,,1,4,7,7,6,7,7,1,7,7,6,3,3,4,7
1145,6,169_6,,1,8,,,,,1,1,1,,1,,,,,,,,,,,,,,
1146,6,170_6,,2,5,,,,,1,1,1,3,1,7,7,7,7,5,7,7,7,6,7,7,7,7,6
1147,6,171_6,22,1,7,,,,,1,1,2,2,1,5,2,2,5,2,5,3,4,2,2,2,4,2,2
1148,6,172_6,23,1,5,,,,,1,1,2,2,1,6,7,7,5,6,6,4,6,6,5,6,6,5,6
1149,6,173_6,19,1,2,,,,,1,1,1,4,1,4,2,1,5,3,3,2,3,4,4,3,1,3,5
1150,6,174_6,,2,8,,,,,1,1,1,2,1,5,5,7,5,5,6,6,6,6,6,6,5,5,5
1151,6,175_6,22,1,7,,,,,1,1,1,2,1,5,5,6,5,4,5,3,5,5,5,5,4,5,5
1152,6,176_6,27,2,8,,,,,2,1,1,1,2,6,5,5,5,5,4,3,6,4,4,4,4,4,5
1153,6,177_6,28,1,6,,,,,1,1,2,2,1,7,6,7,7,6,7,7,7,7,7,7,5,7,7
1154,6,178_6,18,1,3,,,,,1,1,2,,1,4,5,5,4,4,4,5,6,3,4,5,4,5,5
1155,6,179_6,20,1,5,,,,,1,1,2,2,1,6,5,6,4,6,4,5,6,6,6,6,4,6,6
1156,6,180_6,22,1,5,,,,,1,1,1,2,1,5,4,4,4,4,4,4,7,4,4,4,7,4,4
1157,6,181_6,20,1,6,,,,,1,1,1,1,1,5,5,6,6,4,6,5,5,6,6,5,3,5,4
1158,6,182_6,22,2,5,,,,,1,1,2,2,2,,,,,,,,,,,,,,
1159,6,183_6,21,1,6,,,,,1,1,1,3,1,6,6,6,6,4,6,5,6,6,6,4,4,6,5
1160,6,184_6,19,1,8,,,,,1,1,1,2,1,6,5,6,6,6,6,7,5,6,5,6,5,6,6
1161,6,185_6,23,1,5,,,,,1,1,2,,1,7,2,2,2,2,2,5,5,5,5,7,7,1,7
1162,6,186_6,20,1,6,,,,,1,1,2,1,1,6,4,6,4,4,5,1,5,6,5,5,3,5,5
1163,6,187_6,,,,,,,,,,,,,,,,,,,,,,,,,,
1164,6,188_6,20,2,6,,,,,1,1,1,2,1,5,4,4,4,3,3,1,4,3,1,2,2,1,1
1165,6,189_6,21,1,5,,,,,1,1,2,,1,6,5,5,4,3,4,,5,5,3,,7,4,5
1166,6,190_6,30,1,7,,,,,1,1,1,2,2,7,4,6,6,3,4,2,4,2,4,5,3,4,4
1167,6,191_6,20,2,5,,,,,1,1,2,3,1,6,4,4,6,2,4,2,4,6,6,6,5,6,4
1168,6,192_6,19,2,5,,,,,1,1,1,2,1,4,4,4,5,4,4,5,4,4,5,4,4,4,4
1169,6,193_6,20,2,8,,,,,1,1,2,2,1,5,4,4,4,6,6,5,4,4,4,5,5,5,5
1170,6,194_6,,2,7,,,,,1,1,1,2,1,4,4,5,3,4,3,4,5,4,4,4,3,4,4
1171,6,195_6,19,1,8,,,,,1,1,1,2,1,5,4,5,5,5,5,4,5,5,5,5,5,5,5
1172,6,196_6,22,2,8,,,,,2,1,2,3,1,6,6,6,7,6,6,1,5,7,6,6,7,6,7
1173,6,197_6,19,2,5,,,,,1,1,1,2,1,4,5,5,4,4,5,5,4,5,5,5,4,5,5
1174,6,198_6,20,2,5,,,,,1,1,1,2,1,4,4,5,4,4,4,5,5,4,5,4,3,4,3
1175,6,199_6,23,1,5,,,,,1,1,1,2,1,5,4,5,4,4,7,6,5,5,5,4,3,6,4
1176,6,200_6,24,1,7,,,,,1,1,1,4,1,,,,,,,,,,,,,,
1177,6,201_6,21,2,8,,,,,1,1,1,1,1,5,5,5,5,5,5,5,5,5,5,5,5,5,5
1178,6,202_6,20,2,6,,,,,1,1,2,3,1,5,5,6,6,4,6,5,4,6,5,6,6,6,5
1179,6,203_6,,1,5,,,,,1,1,1,2,1,7,5,7,7,5,4,7,5,5,5,5,4,5,5
1180,6,204_6,18,2,8,,,,,1,1,1,2,1,6,6,6,6,5,6,6,6,6,5,5,4,5,5
1181,6,205_6,28,2,8,,,,,2,1,1,2,1,4,4,3,3,2,7,3,7,6,4,6,2,4,4
1182,6,206_6,36,2,6,,,,,2,3,1,1,2,6,6,6,6,6,6,5,6,5,6,5,5,6,5
1183,6,207_6,21,1,7,,,,,1,1,1,3,1,5,5,5,4,5,6,5,4,6,6,5,3,5,4
1184,6,208_6,25,1,6,,,,,1,1,2,,1,6,6,6,7,5,7,5,7,6,6,6,6,7,7
1185,6,209_6,,,,,,,,,,,,,,,,,,,,,,,,,,
1186,6,210_6,,,,,,,,,,,,,,,,,,,,,,,,,,
1187,6,211_6,20,2,8,,,,,2,1,2,2,1,6,6,6,6,4,6,4,4,6,6,6,4,5,4
1188,6,212_6,23,2,10,,,,,1,1,2,,2,4,5,5,4,3,4,4,3,6,5,4,4,5,4
1189,6,213_6,19,1,5,,,,,2,1,2,4,1,4,5,5,4,5,4,4,4,5,5,5,5,5,6
1190,6,214_6,25,1,8,,,,,1,1,1,2,1,5,4,6,5,4,6,1,4,5,5,5,2,5,5
1191,6,215_6,,,,,,,,,,,,,,,,,,,,,,,,,,
1192,6,216_6,21,1,5,,,,,1,1,1,2,1,6,4,4,3,4,6,6,6,5,4,4,2,3,4
1193,6,217_6,21,2,5,,,,,1,1,1,2,1,7,6,6,6,6,6,6,6,6,6,6,6,6,6
1194,6,218_6,28,1,7,,,,,1,1,2,1,2,6,5,5,4,3,4,3,4,6,5,5,4,5,4
1195,6,219_6,20,2,5,,,,,1,1,1,2,1,5,5,5,5,4,6,4,5,5,4,5,4,5,5
1196,6,220_6,30,1,8,,,,,1,1,2,,1,2,5,6,2,2,3,1,5,7,2,3,1,7,4
1197,6,221_6,20,2,5,,,,,1,1,1,2,1,4,4,4,4,4,4,4,4,4,4,4,4,4,4
1198,6,222_6,20,1,5,,,,,1,1,1,2,1,4,5,5,5,4,5,3,4,3,4,4,3,3,3
1199,6,223_6,20,1,5,,,,,1,1,2,2,1,5,6,6,5,7,7,3,5,7,6,6,6,7,6
1200,6,224_6,21,2,8,,,,,2,1,1,2,1,5,5,5,6,6,6,6,6,5,5,6,5,5,6
1201,6,225_6,24,1,7,,,,,2,3,1,1,2,5,5,5,5,4,6,4,5,5,5,4,4,4,4
1202,6,226_6,25,2,8,,,,,2,1,2,4,1,5,4,3,5,2,4,3,5,5,2,4,3,3,4
1203,6,227_6,24,1,3,,,,,1,1,1,2,2,4,4,7,6,4,6,3,4,7,7,6,3,6,6
1204,6,228_6,21,2,6,,,,,1,1,1,2,1,4,4,4,4,4,4,2,4,4,4,4,4,4,4
1205,6,229_6,20,2,8,,,,,1,1,1,2,1,5,6,6,5,5,5,4,4,5,5,6,6,6,5
1206,6,230_6,23,1,7,,,,,1,1,1,2,1,6,6,7,6,6,7,6,6,6,6,6,6,7,7
1207,6,231_6,19,2,5,,,,,1,1,1,2,1,6,6,6,7,5,6,4,7,6,6,7,4,6,6
1208,6,232_6,,2,5,,,,,1,1,2,2,1,6,6,6,6,5,6,6,6,5,5,,5,6,6
1209,6,233_6,,1,5,,,,,1,1,1,2,1,6,5,6,5,5,3,2,5,5,4,5,3,4,4
1210,6,234_6,19,2,5,,,,,1,1,,2,1,6,6,6,6,5,6,6,6,6,6,6,3,6,5
1211,6,235_6,29,1,1,,,,,2,1,1,1,2,,,,,,,,,,,,,,
1212,6,236_6,23,2,7,,,,,1,1,1,2,1,7,7,7,7,6,7,6,7,6,6,6,5,7,7
1213,6,237_6,49,2,8,,,,,2,3,2,,1,4,5,5,4,3,4,3,5,5,4,4,3,3,5
1214,6,238_6,20,2,8,,,,,1,1,1,,1,5,6,7,6,5,7,5,6,4,1,6,4,6,6
1215,6,239_6,20,2,8,,,,,1,1,2,2,1,7,5,5,5,5,6,2,6,6,5,7,7,7,6
1216,6,240_6,,,,,,,,,,,,,,,,,,,,,,,,,,
1217,6,241_6,,,,,,,,,,,,,,,,,,,,,,,,,,
1218,6,242_6,19,1,8,,,,,1,1,1,2,1,6,5,6,6,2,5,4,4,4,4,4,3,5,5
1219,6,243_6,26,1,2,,,,,1,1,1,2,1,5,3,5,5,3,6,4,4,5,5,5,4,5,5
1220,6,244_6,23,1,6,,,,,1,1,1,2,1,6,5,5,6,7,6,3,6,7,5,6,4,6,5
1221,6,245_6,19,1,8,,,,,1,1,2,2,1,5,4,4,5,6,6,5,5,7,7,6,6,6,6
1222,6,246_6,19,1,8,,,,,1,1,2,2,1,5,3,5,4,4,4,4,5,4,5,5,3,4,5
1223,6,247_6,20,1,6,,,,,1,1,1,2,1,4,4,5,5,4,5,4,4,3,3,3,4,4,4
1224,6,248_6,24,1,5,,,,,1,1,1,2,1,5,5,5,5,6,6,6,5,4,6,4,1,3,4
1225,6,249_6,25,1,7,,,,,1,1,1,2,1,5,4,5,3,6,6,4,6,5,4,5,3,4,5
1226,6,250_6,29,1,2,,,,,1,1,1,2,1,4,4,4,5,4,5,3,5,5,4,5,4,4,5
1227,6,251_6,22,2,2,,,,,2,1,,2,2,5,4,5,5,4,5,4,5,5,5,5,4,5,5
1228,6,252_6,23,1,7,,,,,1,1,1,2,1,5,5,6,6,3,5,2,5,4,5,5,5,6,5
1229,6,253_6,21,2,6,,,,,2,1,,2,1,5,5,4,5,4,6,5,3,3,5,5,5,5,5
1230,6,254_6,23,2,6,,,,,1,1,2,2,1,7,6,6,5,6,7,6,7,7,7,6,5,7,7
1231,6,255_6,19,1,5,,,,,1,1,1,,1,5,4,5,6,4,6,2,4,5,4,6,5,5,6
1232,6,256_6,18,1,5,,,,,1,1,1,2,1,4,1,1,1,3,1,1,5,4,4,4,1,4,5
1233,6,257_6,,,,,,,,,,,,,,,,,,,,,,,,,,
1234,6,258_6,21,2,8,,,,,2,1,1,2,1,6,5,5,6,4,5,5,6,4,4,5,4,5,6
1235,6,259_6,25,1,8,,,,,2,1,1,1,1,5,6,5,5,6,6,2,,,7,7,4,6,6
1236,6,260_6,20,2,5,,,,,1,1,1,2,1,5,4,4,4,3,5,5,5,4,4,4,4,5,4
1237,6,261_6,19,2,5,,,,,1,1,1,2,1,5,4,5,5,5,5,4,6,6,4,5,3,4,5
1238,6,262_6,20,1,6,,,,,1,1,1,2,1,5,3,4,5,4,,2,4,6,4,5,4,5,6
1239,6,263_6,,1,7,,,,,1,1,2,1,1,7,6,6,4,5,7,2,3,6,3,6,3,4,6
1240,6,264_6,21,2,8,,,,,1,1,2,,1,4,5,5,5,5,5,5,5,5,5,5,3,5,5
1241,6,265_6,23,2,2,,,,,1,1,2,,3,2,1,7,2,5,7,6,7,7,3,4,4,4,6
1242,6,266_6,25,2,5,,,,,1,1,2,2,1,5,5,6,5,6,6,4,5,5,5,5,5,5,5
1243,6,267_6,19,1,5,,,,,1,1,2,3,1,5,5,7,7,6,7,6,6,6,6,5,4,6,5
1244,6,268_6,19,2,6,,,,,1,1,1,2,1,6,6,6,6,5,5,5,5,5,6,6,5,6,5
1245,6,269_6,20,1,6,,,,,1,1,2,,1,6,4,5,5,4,5,,5,5,6,4,4,7,5
1246,6,270_6,22,2,8,,,,,1,1,2,1,2,5,7,6,6,5,5,3,5,6,5,5,4,6,5
1247,6,271_6,18,1,5,,,,,1,1,2,,1,4,4,4,5,4,4,3,4,4,4,4,4,4,4
1248,6,272_6,19,1,5,,,,,1,1,1,2,1,5,4,5,4,4,5,4,5,4,4,5,3,4,5
1249,6,273_6,,,,,,,,,,,,,,,,,,,,,,,,,,
1250,6,274_6,20,1,5,,,,,1,1,1,2,1,6,4,5,6,5,4,2,4,5,5,5,5,6,5
1251,6,275_6,20,1,6,,,,,2,1,1,,1,4,5,5,5,4,6,4,5,5,3,5,3,5,5
1252,6,276_6,20,1,3,,,,,1,1,1,,1,4,3,4,3,3,4,3,2,3,2,2,4,3,3
1253,6,277_6,18,2,5,,,,,1,1,1,1,1,5,4,5,,4,4,3,3,4,3,5,4,5,5
1254,6,278_6,22,1,7,,,,,1,1,2,2,1,6,4,5,5,2,6,4,6,2,2,5,2,3,5
1255,6,279_6,19,2,5,,,,,1,1,1,2,,7,3,5,5,6,4,5,7,7,6,6,4,5,6
1256,6,280_6,,,,,,,,,,,,,,,,,,,,,,,,,,
1257,6,281_6,20,2,8,,,,,1,1,1,,1,6,6,6,6,4,7,5,6,6,6,6,5,6,6
1258,6,282_6,20,2,5,,,,,1,1,1,2,1,6,4,5,5,4,5,3,4,4,5,5,5,5,4
1259,6,283_6,25,1,6,,,,,1,1,2,2,1,5,5,6,6,4,7,3,4,5,7,2,5,6,6
1260,6,284_6,23,1,7,,,,,1,1,2,,1,5,3,3,5,4,4,2,2,5,4,5,2,5,5
1261,6,285_6,18,2,5,,,,,1,1,2,,1,4,2,4,5,4,5,1,2,3,5,5,2,5,2
1262,6,286_6,24,1,8,,,,,1,1,1,2,1,3,5,6,6,5,5,5,5,6,6,6,4,6,5
1263,6,287_6,25,2,8,,,,,1,1,1,2,1,4,4,4,4,3,5,5,5,4,4,4,2,2,4
1264,6,288_6,22,1,8,,,,,1,1,1,4,1,2,1,2,1,1,3,3,1,4,1,1,2,1,2
1265,6,289_6,21,2,5,,,,,1,1,,1,1,6,6,6,6,5,6,4,6,5,6,6,6,5,6
1266,6,290_6,21,2,5,,,,,1,1,1,2,1,6,6,6,6,6,6,6,6,6,5,6,6,6,6
1267,6,291_6,20,2,6,,,,,1,1,2,2,2,6,6,5,6,4,5,6,6,6,5,6,4,5,5
1268,6,292_6,23,2,7,,,,,1,1,1,1,2,5,5,5,5,4,5,5,3,4,5,5,3,4,4
1269,6,293_6,,,,,,,,,,,,,,,,,,,,,,,,,,
1270,6,294_6,,,,,,,,,,,,,,,,,,,,,,,,,,
1271,6,295_6,19,2,5,,,,,1,1,1,2,1,5,5,5,4,3,5,2,2,5,3,5,2,4,5
1272,6,296_6,20,2,8,,,,,2,1,1,2,1,5,4,5,5,5,5,6,4,6,6,6,4,5,5
1273,6,297_6,20,2,5,,,,,1,1,1,2,1,6,6,6,6,5,7,7,6,6,6,6,6,6,6
1274,6,298_6,20,2,6,,,,,1,1,1,2,1,6,6,7,6,5,6,4,5,6,6,6,4,5,4
1275,6,299_6,21,1,7,,,,,1,1,1,2,1,6,6,5,6,4,6,2,3,6,5,5,4,4,4
1276,6,300_6,21,1,5,,,,,1,1,1,2,3,6,5,5,5,5,5,6,5,6,5,6,4,5,5
1277,6,301_6,22,2,6,,,,,1,1,2,2,1,3,3,4,4,4,4,4,5,4,4,4,3,4,4
1278,6,302_6,33,2,9,,,,,2,4,1,3,2,6,5,4,5,5,6,5,4,5,5,5,3,4,5
1279,6,303_6,22,2,6,,,,,2,1,1,2,1,5,5,4,5,5,4,3,4,5,5,5,4,5,4
1280,6,304_6,22,1,7,,,,,2,1,1,2,1,4,4,4,5,4,5,2,5,4,5,5,4,5,5
1281,6,305_6,19,1,5,,,,,2,1,2,2,1,5,5,5,5,5,4,3,3,4,6,5,3,4,6
1282,6,306_6,24,2,5,,,,,1,1,1,2,1,5,4,5,5,5,7,3,5,6,6,5,4,6,6
1283,6,307_6,19,1,5,,,,,1,1,1,2,1,7,5,5,5,6,6,3,6,5,6,6,5,7,6
1284,6,308_6,21,1,5,,,,,2,1,1,2,1,7,7,6,7,5,6,7,6,7,6,6,5,6,6
1285,6,309_6,20,2,5,,,,,2,1,1,2,1,5,6,7,5,6,6,7,7,6,6,5,5,6,7
1286,6,310_6,,1,5,,,,,1,1,2,4,1,4,3,6,3,4,5,5,5,6,4,5,4,5,4
1287,6,311_6,19,2,5,,,,,1,1,1,2,1,5,6,6,6,5,6,6,6,5,5,5,5,5,5
1288,6,312_6,,2,8,,,,,1,1,1,2,1,5,4,5,6,5,6,6,5,5,5,5,5,5,5
1289,6,313_6,23,2,5,,,,,1,1,1,2,1,4,4,4,4,3,5,3,5,4,4,4,4,4,5
1290,6,314_6,20,1,5,,,,,1,1,2,2,1,7,6,6,7,6,7,6,7,7,6,7,7,7,7
1291,6,315_6,22,1,8,,,,,1,1,1,2,1,,,,,,,,,,,,,,
1292,6,316_6,23,2,5,,,,,1,1,1,2,1,,,,,,,,,,,,,,
1293,6,317_6,20,2,5,,,,,2,1,2,2,1,6,5,7,4,5,7,7,7,4,5,5,6,4,4
1294,6,318_6,18,1,5,,,,,1,1,1,2,1,,,,,,,,,,,,,,
1295,6,319_6,,,,,,,,,,,,,,,,,,,,,,,,,,
1296,6,320_6,30,1,7,,,,,2,1,1,2,1,4,3,3,3,2,4,3,3,2,2,2,4,2,2
1297,6,321_6,19,2,3,,,,,1,1,2,,1,5,4,5,6,4,6,6,5,5,4,4,4,4,4
1298,6,322_6,19,2,5,,,,,1,1,1,2,1,6,5,5,5,4,5,4,4,5,5,5,4,5,5
1299,6,323_6,24,2,5,,,,,1,1,2,2,2,6,6,6,6,6,6,2,5,6,6,6,6,6,6
1300,6,324_6,24,1,7,,,,,1,1,2,2,1,6,4,6,4,4,4,5,5,6,5,5,6,6,6
1301,6,325_6,22,1,5,,,,,1,1,1,4,1,6,6,2,7,5,6,6,5,5,6,6,6,6,6
1302,6,326_6,21,2,5,,,,,1,1,1,1,2,6,6,7,7,6,5,,2,7,6,6,3,6,7
1303,6,327_6,22,1,4,,,,,1,1,2,2,1,4,2,5,5,4,5,4,5,6,6,6,4,4,5
1304,6,328_6,19,2,5,,,,,1,1,1,2,1,5,5,5,5,4,5,5,5,5,5,5,5,5,5
1305,6,329_6,20,2,5,,,,,1,1,1,2,1,6,6,6,6,6,6,5,7,6,6,6,6,6,6
1306,6,330_6,22,1,4,,,,,1,1,2,1,1,,,,,,,,,,,,,,
1307,6,331_6,19,2,8,,,,,1,1,1,2,1,2,2,2,3,2,4,4,3,4,4,4,4,3,4
1308,6,332_6,22,2,6,,,,,1,1,1,2,2,,,,,,,,,,,,,,
1309,6,333_6,20,2,5,,,,,1,1,1,2,1,5,5,5,5,5,6,5,5,6,5,6,4,5,6
1310,6,334_6,23,1,6,,,,,1,1,1,2,1,6,6,6,6,5,6,6,6,5,6,5,5,6,5
1311,6,335_6,21,1,5,,,,,1,1,1,2,1,6,4,6,6,6,6,5,6,6,6,6,4,6,6
1312,6,336_6,19,2,5,,,,,1,1,1,2,1,5,5,5,5,4,4,2,3,2,5,3,2,3,3
1313,6,337_6,21,2,6,,,,,1,1,1,1,1,6,5,5,5,4,6,4,6,6,7,6,4,6,6
1314,6,338_6,20,2,5,,,,,1,1,1,2,1,6,5,6,6,5,7,5,7,5,5,6,5,5,5
1315,6,339_6,26,2,6,,,,,2,1,1,3,1,5,5,6,6,6,6,2,6,7,6,6,4,5,6
1316,6,340_6,,,,,,,,,,,,,,,,,,,,,,,,,,
1317,6,341_6,22,2,5,,,,,2,1,2,2,1,5,6,5,7,4,6,4,6,6,5,5,3,6,6
1318,6,342_6,,1,5,,,,,1,1,1,2,1,6,4,3,4,3,4,2,6,5,6,5,3,3,4
1319,6,343_6,20,1,5,,,,,1,1,1,2,1,4,5,5,5,4,4,3,3,4,4,4,5,4,5
1320,6,344_6,20,1,5,,,,,1,1,2,2,1,6,6,6,6,6,6,5,6,5,6,6,4,6,6
1321,6,345_6,22,1,7,,,,,1,1,1,2,1,6,5,5,5,5,6,6,4,5,5,5,5,5,5
1322,6,346_6,,,,,,,,,,,,,,,,,,,,,,,,,,
1323,6,347_6,23,2,5,,,,,2,2,2,3,1,5,5,5,6,4,5,4,5,5,4,4,4,5,4
1324,6,348_6,22,2,3,,,,,1,1,2,2,1,5,4,5,5,5,5,4,5,6,6,5,4,5,6
1325,6,349_6,,,,,,,,,,,,,,,,,,,,,,,,,,
1326,6,350_6,24,2,6,,,,,1,2,2,4,1,5,5,5,5,5,5,5,5,5,5,5,5,5,5
1327,6,351_6,24,2,8,,,,,1,1,1,2,1,5,5,6,7,6,7,5,6,6,6,6,4,6,5
1328,6,352_6,21,1,5,,,,,1,1,1,2,1,5,4,4,5,4,7,7,7,4,4,6,4,5,6
1329,6,353_6,24,2,8,,,,,1,1,1,2,1,7,7,7,7,6,7,4,7,7,7,7,4,7,7
1330,6,354_6,24,1,6,,,,,1,1,2,2,1,5,5,4,3,3,3,3,3,3,2,2,2,2,2
1331,6,355_6,26,1,7,,,,,2,1,1,1,2,5,4,4,5,4,5,5,6,5,5,4,4,4,4
1332,6,356_6,21,1,8,,,,,1,1,1,2,1,6,4,5,4,4,5,3,3,5,5,4,4,4,5
1333,6,357_6,22,1,5,,,,,1,1,1,2,1,6,2,,3,1,7,2,5,5,5,7,2,7,7
1334,6,358_6,,,,,,,,,,,,,,,,,,,,,,,,,,
1335,6,359_6,21,1,8,,,,,1,1,1,2,1,6,4,6,5,7,7,4,6,4,5,5,3,5,5
1336,6,360_6,23,1,6,,,,,2,1,1,2,1,5,6,6,6,4,5,5,5,6,5,5,6,6,5
1337,6,361_6,20,1,5,,,,,1,1,2,2,1,7,7,6,7,7,7,5,5,7,6,6,4,6,6
1338,6,362_6,,,,,,,,,,,,,,,,,,,,,,,,,,
1339,6,363_6,,2,5,,,,,1,1,1,2,1,6,6,7,6,6,7,6,6,6,6,6,6,6,6
1340,6,364_6,,1,5,,,,,1,1,2,2,1,5,5,6,4,5,5,5,6,5,5,5,3,4,5
1341,6,365_6,21,1,7,,,,,1,1,1,2,1,5,5,6,4,4,4,6,5,5,5,6,4,4,4
1342,6,366_6,20,1,5,,,,,1,1,2,2,1,4,3,3,5,2,6,2,4,3,3,3,2,4,3
1343,6,367_6,20,2,5,,,,,1,1,1,2,1,6,6,7,6,6,7,4,5,6,6,5,4,5,6
1344,6,368_6,,2,6,,,,,1,1,2,2,1,5,5,7,5,5,7,6,6,6,5,6,5,6,5
1345,6,369_6,20,1,5,,,,,1,1,1,,1,6,3,4,5,4,5,6,5,5,6,5,4,6,5
1346,6,370_6,19,2,5,,,,,1,1,2,4,1,4,4,4,5,3,5,3,4,6,5,5,2,3,5
1347,6,371_6,19,2,5,,,,,1,1,1,2,1,5,5,5,6,3,5,1,4,4,5,5,4,5,5
1348,6,372_6,20,1,8,,,,,2,1,2,,1,4,6,6,6,4,6,5,6,6,6,5,3,5,6
1349,6,373_6,19,1,5,,,,,1,1,1,2,1,6,5,6,5,5,6,4,5,5,5,5,5,6,5
1350,6,374_6,23,2,8,,,,,1,1,1,3,1,6,4,4,6,4,6,3,3,6,6,5,3,3,3
1351,6,375_6,20,2,5,,,,,1,1,1,2,1,5,4,5,5,4,4,3,4,4,5,5,3,4,4
1352,6,376_6,,,,,,,,,,,,,,,,,,,,,,,,,,
1353,6,377_6,21,1,6,,,,,1,1,2,1,1,6,6,6,6,6,6,6,6,6,6,6,6,6,6
1354,6,378_6,30,2,2,,,,,2,3,2,,1,6,7,7,7,6,7,7,7,6,6,6,6,6,6
1355,6,379_6,22,1,6,,,,,1,1,1,2,1,4,6,6,5,5,5,5,4,5,5,5,5,5,5
1356,6,380_6,24,2,5,,,,,1,1,2,1,1,4,3,4,3,3,3,3,3,2,2,3,4,3,2
1357,6,381_6,28,2,5,,,,,2,3,1,2,2,3,5,5,5,4,6,3,5,5,4,5,4,5,5
1358,6,382_6,43,1,6,,,,,2,3,1,1,2,2,5,7,7,7,7,2,7,7,5,7,4,,7
1359,6,383_6,24,1,7,,,,,1,1,2,2,1,,,,,,,,,,,,,,
1360,6,384_6,23,2,7,,,,,1,1,1,2,1,6,4,4,4,4,4,5,4,4,4,4,4,4,4
1361,6,385_6,,2,5,,,,,1,1,1,2,1,5,6,6,6,5,5,2,5,5,5,6,3,4,6
1362,6,386_6,21,2,8,,,,,1,1,1,2,1,4,6,6,6,5,7,6,3,4,6,6,1,4,5
1363,6,387_6,,,,,,,,,,,,,,,,,,,,,,,,,,
1364,6,388_6,20,2,5,,,,,1,1,1,,1,6,5,5,6,5,7,1,5,7,7,7,5,6,7
1365,6,389_6,,,,,,,,,,,,,,,,,,,,,,,,,,
1366,6,390_6,38,2,5,,,,,1,1,1,1,2,5,6,7,6,5,6,6,6,7,6,5,4,5,5
1367,6,391_6,20,1,5,,,,,1,1,1,2,1,6,5,5,6,5,6,3,4,6,6,5,4,5,5
1368,6,392_6,20,2,5,,,,,1,1,1,2,1,5,4,5,5,5,7,7,6,7,7,7,5,6,5
1369,6,393_6,20,2,5,,,,,1,1,1,2,1,4,4,4,5,5,5,3,5,5,5,4,4,4,5
1370,6,394_6,22,1,5,,,,,1,1,2,2,1,5,4,4,4,4,4,2,4,3,4,5,1,3,5
1371,6,395_6,19,2,5,,,,,2,1,2,,1,5,4,5,5,4,6,3,4,4,5,4,4,4,5
1372,6,396_6,21,2,5,,,,,1,1,1,2,1,6,3,4,7,1,7,4,4,3,4,7,1,5,6
1373,6,397_6,22,1,8,,,,,1,1,1,,1,1,7,7,6,7,7,7,7,7,4,7,6,6,7
1374,6,398_6,,1,,,,,,,,,,,,,,,,,,,,,,,,
1375,6,399_6,23,2,7,,,,,1,1,1,2,1,5,5,5,4,5,6,2,3,5,5,4,3,4,4
1376,6,400_6,20,2,5,,,,,1,1,1,2,1,4,5,5,4,4,5,4,4,4,4,4,3,4,3
1377,6,401_6,30,1,5,,,,,3,1,2,2,1,6,6,,4,1,7,4,2,2,4,6,2,2,6
1378,6,402_6,21,1,5,,,,,1,1,2,2,1,6,6,6,6,6,6,7,5,5,6,7,5,6,6
1379,6,403_6,31,1,8,,,,,3,1,1,1,1,6,5,5,4,3,4,3,4,4,4,4,3,3,4
1380,6,404_6,,,,,,,,,,,,,,,,,,,,,,,,,,
1381,6,405_6,19,2,8,,,,,1,1,1,2,1,7,7,7,7,7,7,6,7,7,7,7,7,7,5
1382,6,406_6,21,2,6,,,,,1,1,2,4,1,6,5,5,5,3,5,3,4,2,3,5,2,4,3
1383,6,407_6,19,2,5,,,,,1,1,2,2,1,6,4,3,4,2,6,4,3,3,3,4,3,4,4
1384,6,408_6,19,2,8,,,,,1,1,1,2,1,6,5,6,4,6,5,2,5,6,5,5,5,5,5
1385,6,409_6,20,1,5,,,,,1,1,1,3,1,5,6,6,6,5,5,5,6,7,7,6,4,6,6
1386,6,410_6,19,2,5,,,,,1,1,1,2,1,5,5,6,5,3,4,4,5,5,3,5,6,4,4
1387,6,411_6,,1,9,,,,,1,1,2,3,1,4,4,5,4,4,5,2,2,2,2,2,3,2,2
1388,6,412_6,,,,,,,,,,,,,,,,,,,,,,,,,,
1389,6,413_6,19,2,3,,,,,1,1,2,4,1,6,6,6,6,4,6,3,4,7,6,5,5,5,4
1390,6,414_6,25,2,6,,,,,2,1,1,1,2,2,2,5,4,2,6,4,4,5,5,5,2,5,5
1391,6,415_6,24,2,7,,,,,1,1,2,2,1,4,4,4,4,4,5,4,4,5,5,4,4,4,4
1392,6,416_6,20,2,6,,,,,1,1,1,2,1,6,6,6,6,5,6,6,6,5,5,6,6,5,5
1393,6,417_6,23,2,4,,,,,1,1,1,1,2,5,4,5,,3,6,4,4,5,,5,2,4,4
1394,6,418_6,20,2,8,,,,,1,1,2,,1,6,6,6,7,6,7,6,7,7,6,7,7,6,7
1395,6,419_6,,,,,,,,,,,,,,,,,,,,,,,,,,
1396,6,420_6,,,,,,,,,,,,,,,,,,,,,,,,,,
1397,6,421_6,20,2,8,,,,,1,1,1,2,1,6,5,5,4,5,6,5,5,6,5,5,5,5,4
1398,6,422_6,36,2,8,,,,,2,3,1,1,2,7,7,7,5,7,7,7,7,7,7,7,3,7,7
1399,6,423_6,20,1,6,,,,,2,1,1,2,1,6,6,6,6,6,6,6,6,6,6,6,6,6,6
1400,6,424_6,21,1,3,,,,,2,1,1,1,1,7,6,7,6,7,7,7,6,6,6,7,4,6,6
1401,6,425_6,,1,7,,,,,2,1,2,2,1,4,4,5,6,5,7,2,5,7,5,7,4,6,7
1402,6,426_6,20,1,5,,,,,2,1,1,2,1,5,5,5,5,6,6,5,5,5,4,5,4,5,5
1403,6,427_6,20,2,5,,,,,1,1,1,2,1,6,5,5,6,6,6,2,2,6,5,2,6,6,2
1404,6,428_6,,,,,,,,,,,,,,,,,,,,,,,,,,
1405,6,429_6,21,2,5,,,,,1,1,1,2,1,5,5,6,5,5,6,6,5,5,5,5,5,5,5
1406,6,430_6,29,2,5,,,,,1,1,2,4,2,4,3,4,5,4,5,3,3,4,4,4,3,5,4
1407,6,431_6,19,2,8,,,,,1,1,,2,1,6,6,5,6,4,7,5,6,5,4,6,4,6,5
1408,6,432_6,20,1,5,,,,,1,1,1,2,1,5,6,5,4,5,5,4,7,5,4,5,6,5,4
1409,6,433_6,,,,,,,,,,,,,,,,,,,,,,,,,,
1410,6,434_6,22,2,5,,,,,1,1,1,2,1,5,5,5,4,4,4,2,2,4,4,4,3,3,3
1411,6,435_6,19,2,5,,,,,1,1,1,,1,5,5,6,6,4,5,4,6,7,6,6,4,5,5
1412,6,436_6,23,1,5,,,,,2,1,1,2,1,6,5,6,6,6,6,4,6,6,6,6,6,6,6
1413,6,437_6,23,1,8,,,,,1,1,1,2,1,4,6,5,6,7,5,3,5,5,6,7,2,6,5
1414,6,438_6,26,2,3,,,,,1,1,1,2,1,5,4,4,4,4,4,3,3,4,5,5,3,4,5
1415,6,439_6,25,2,7,,,,,1,1,1,2,1,5,4,4,5,4,5,4,5,5,5,4,4,4,5
1416,6,440_6,25,1,5,,,,,2,1,1,2,1,4,5,5,5,3,6,6,6,6,5,6,3,5,6
1417,6,441_6,,1,8,,,,,1,1,1,2,1,2,7,7,4,4,6,1,2,4,3,3,1,2,2
1418,6,442_6,19,1,5,,,,,1,1,1,2,1,4,5,5,5,4,4,4,4,4,4,4,4,4,4
1419,6,443_6,,2,8,,,,,1,1,1,2,1,6,4,4,6,5,5,2,3,5,6,5,2,3,2
1420,6,444_6,35,1,6,,,,,2,2,1,1,2,5,4,5,6,4,5,5,5,4,4,5,5,4,5
1421,6,445_6,22,2,7,,,,,1,1,1,2,1,4,6,6,4,4,5,2,4,5,4,5,4,4,5
1422,6,446_6,30,2,6,,,,,2,3,1,1,2,5,4,4,4,6,4,3,6,5,5,5,3,5,4
1423,6,447_6,22,1,6,,,,,1,1,1,2,1,5,4,5,5,4,5,5,4,4,5,5,4,4,4
1424,6,448_6,24,1,6,,,,,2,1,2,1,1,7,4,5,5,4,4,5,3,7,7,6,2,5,5
1425,6,449_6,20,1,5,,,,,1,1,1,2,1,5,5,5,7,5,7,3,5,5,5,5,4,5,5
1426,6,450_6,20,2,5,,,,,1,1,2,2,1,5,6,6,5,6,5,6,6,6,6,6,5,5,6
1427,6,451_6,20,1,5,,,,,1,1,1,3,1,5,5,6,3,3,4,2,5,4,4,4,3,4,3
1428,6,452_6,21,1,5,,,,,1,1,1,2,1,7,6,7,6,6,6,2,4,6,6,6,4,5,5
1429,6,453_6,19,1,5,,,,,1,1,1,2,1,5,5,6,6,6,5,5,5,6,6,6,4,5,5
1430,6,454_6,27,2,7,,,,,2,1,2,1,1,4,6,6,6,6,6,7,7,6,7,6,5,7,5
1431,6,455_6,24,2,7,,,,,2,1,2,3,1,5,7,7,7,4,7,1,2,5,4,4,2,5,5
1432,6,456_6,23,1,5,,,,,1,1,1,2,1,6,7,7,7,6,7,4,6,6,6,6,5,5,6
1433,6,457_6,22,2,8,,,,,1,2,2,,1,5,6,6,7,5,7,6,7,5,5,,5,5,3
1434,6,458_6,,2,5,,,,,1,1,1,2,1,7,7,7,7,5,7,4,6,5,6,6,5,6,5
1435,6,459_6,22,1,5,,,,,2,1,2,3,1,5,6,7,4,5,5,6,6,6,6,6,5,6,6
1436,6,460_6,20,2,5,,,,,1,1,1,2,1,6,7,7,4,5,7,7,7,7,4,5,3,6,5
1437,6,461_6,19,1,5,,,,,1,1,1,,1,5,7,7,7,5,7,7,7,7,7,7,1,7,7
1438,6,462_6,21,1,6,,,,,1,1,2,2,1,5,5,5,4,6,5,5,5,6,6,5,4,6,5
1439,6,463_6,19,2,8,,,,,1,1,1,2,1,6,6,6,6,6,6,6,6,6,6,6,6,6,6
1440,6,464_6,22,2,8,,,,,1,1,1,2,1,5,5,6,6,4,5,5,5,5,5,5,3,4,5
1441,6,465_6,20,1,5,,,,,1,1,1,2,1,4,3,4,2,4,4,5,4,4,3,4,3,4,4
1442,6,466_6,21,2,8,,,,,1,1,2,,1,4,5,5,5,2,1,1,3,6,6,5,4,5,6
1443,6,467_6,19,1,5,,,,,1,1,2,2,1,1,2,3,4,5,6,7,6,5,4,3,2,1,2
1444,6,468_6,22,2,6,,,,,1,1,2,2,1,5,6,5,5,5,6,4,6,7,6,6,4,6,6
1445,6,469_6,21,2,5,,,,,1,1,2,1,2,6,6,6,6,7,6,5,7,7,7,6,6,6,6
1446,6,470_6,24,2,7,,,,,1,1,1,2,1,5,5,6,6,5,6,6,6,6,6,6,5,5,5
1447,6,471_6,23,2,5,,,,,2,1,1,1,1,6,5,6,6,5,6,3,4,5,5,5,3,4,5
1448,6,472_6,19,2,5,,,,,1,1,1,2,1,4,5,4,3,5,4,2,4,3,4,4,3,4,3
1449,6,473_6,43,2,3,,,,,2,1,1,2,1,5,4,5,6,4,5,6,6,6,6,6,5,4,5
1450,6,474_6,,,,,,,,,,,,,,,,,,,,,,,,,,
1451,6,475_6,,2,3,,,,,1,1,2,,1,5,5,5,5,4,5,4,4,4,4,5,6,5,5
1452,6,476_6,,2,5,,,,,1,1,2,2,1,5,6,6,7,5,6,6,6,4,5,6,3,4,5
1453,6,477_6,,2,5,,,,,1,1,2,2,1,3,5,5,4,4,5,4,5,6,5,6,4,6,6
1454,6,478_6,,1,8,,,,,1,1,1,2,1,5,3,4,6,4,7,3,6,6,4,4,3,5,5
1455,6,479_6,26,1,6,,,,,1,1,1,2,1,5,5,6,6,6,6,6,5,5,5,6,5,6,5
1456,6,480_6,35,2,6,,,,,2,3,1,3,2,5,5,5,5,5,5,5,5,5,5,5,5,5,5
1457,6,481_6,,,,,,,,,,,,,,,,,,,,,,,,,,
1458,6,482_6,25,1,6,,,,,1,6,2,2,1,5,4,5,5,3,2,2,2,4,3,2,2,3,2
1459,6,483_6,21,2,7,,,,,1,1,1,2,1,5,4,4,4,3,6,2,4,5,5,5,2,4,4
1460,6,484_6,22,2,6,,,,,1,1,1,2,2,5,4,3,4,4,5,5,5,3,4,4,4,5,4
1461,6,485_6,23,1,8,,,,,2,1,1,1,1,5,5,6,6,6,6,7,7,6,5,6,4,5,6
1462,6,486_6,21,1,6,,,,,1,1,1,2,1,5,4,5,4,6,7,3,5,5,6,6,4,4,4
1463,6,487_6,,2,2,,,,,2,3,1,1,2,6,5,5,5,5,5,6,5,5,5,5,5,5,5
1464,6,488_6,,2,5,,,,,1,1,1,2,1,5,2,4,,2,4,5,5,4,4,5,3,4,4
1465,6,489_6,18,1,5,,,,,1,1,2,,1,5,5,6,4,4,6,4,5,5,4,4,4,4,4
1466,6,490_6,22,1,5,,,,,1,1,2,,1,5,4,5,5,4,5,4,5,3,4,5,4,5,5
1467,6,491_6,18,2,5,,,,,1,1,2,,1,5,3,5,5,3,2,3,3,2,2,2,3,2,3
1468,6,492_6,23,1,5,,,,,2,1,1,2,1,5,7,7,6,6,6,4,6,6,6,6,5,6,6
1469,6,493_6,,1,8,,,,,1,1,1,2,1,5,4,5,7,5,7,4,6,6,5,6,4,5,5
1470,6,494_6,21,2,8,,,,,1,1,1,2,1,1,2,2,3,3,5,2,7,4,6,7,5,5,7
1471,6,495_6,27,2,8,,,,,1,1,1,1,2,6,5,5,6,5,7,7,7,6,6,6,6,6,6
1472,6,496_6,20,2,8,,,,,1,1,2,2,1,6,5,6,5,4,5,6,6,4,5,6,4,6,6
1473,6,497_6,20,2,6,,,,,1,1,1,2,1,6,6,6,6,5,6,6,6,6,6,6,5,6,6
1474,6,498_6,,2,6,,,,,2,1,1,1,2,5,4,4,5,4,5,4,5,5,4,5,4,4,4
1475,6,499_6,20,2,5,,,,,1,1,1,2,1,5,5,5,5,5,6,3,7,4,3,6,5,5,5
1476,6,500_6,17,2,5,,,,,1,1,,,1,2,1,1,,5,5,6,7,3,1,5,1,1,3
1477,6,501_6,20,2,8,,,,,2,1,1,2,1,6,5,5,6,6,6,5,6,5,6,6,5,5,6
1478,6,502_6,,,,,,,,,,,,,,,,,,,,,,,,,,
1479,6,503_6,24,2,5,,,,,2,3,2,4,1,5,4,5,5,5,5,4,5,5,5,4,4,5,5
1480,6,504_6,32,1,10,,,,,1,1,1,1,2,6,7,7,6,6,7,6,6,7,6,7,5,6,6
1481,6,505_6,,,,,,,,,,,,,,,,,,,,,,,,,,
1482,6,506_6,19,1,5,,,,,1,1,1,2,1,5,5,5,6,5,5,6,6,7,7,6,6,6,6
1483,6,507_6,21,2,6,,,,,1,1,1,2,1,7,5,5,5,4,6,4,5,6,5,5,3,5,5
1484,6,508_6,25,2,8,,,,,1,1,1,2,1,6,6,6,6,6,6,4,6,6,6,6,6,6,6
1485,6,509_6,21,2,5,,,,,2,1,1,2,1,6,7,7,6,6,7,6,6,7,6,7,6,7,6
1486,6,510_6,22,2,5,,,,,2,1,1,1,2,5,4,4,5,5,6,4,3,4,4,5,6,4,4
1487,6,511_6,,,,,,,,,,,,,,,,,,,,,,,,,,
1488,6,512_6,,,,,,,,,,,,,,,,,,,,,,,,,,
1489,6,513_6,,,,,,,,,,,,,,,,,,,,,,,,,,
1490,6,514_6,,,,,,,,,,,,,,,,,,,,,,,,,,
1491,6,515_6,19,2,5,,,,,1,1,1,2,1,6,6,6,6,5,6,3,6,7,7,7,5,6,6
1492,6,516_6,22,1,6,,,,,1,1,2,2,1,6,5,5,4,4,4,7,6,6,6,6,5,6,6
1493,6,517_6,19,2,5,,,,,1,1,1,2,1,5,6,6,6,2,7,5,7,5,5,5,4,4,4
1494,6,518_6,20,1,5,,,,,1,1,2,2,1,5,,4,5,5,7,2,5,4,5,5,5,5,5
1495,6,519_6,,,,,,,,1,1,1,,1,7,7,7,,1,1,1,4,7,7,7,1,7,7
1496,6,520_6,19,2,5,,,,,2,1,1,2,1,6,7,7,6,6,6,6,2,6,7,4,5,5,7
1497,6,521_6,22,2,7,,,,,1,1,1,2,1,6,4,5,5,4,5,4,4,4,5,5,5,5,5
1498,6,522_6,,,,,,,,,,,,,,,,,,,,,,,,,,
1499,6,523_6,18,2,8,,,,,1,1,2,2,1,4,6,,5,2,4,1,4,3,6,2,1,2,
1500,6,524_6,21,1,8,,,,,1,1,1,2,1,,,,,,,,,,,,,,
1501,6,525_6,24,2,6,,,,,1,1,2,2,1,2,2,2,2,2,2,3,2,2,2,2,4,3,2
1502,6,526_6,20,2,6,,,,,1,1,2,,1,5,5,6,6,5,6,3,4,6,6,5,5,5,5
1503,6,527_6,,2,8,,,,,1,1,1,1,2,4,5,5,6,3,5,3,3,4,5,3,3,4,3
1504,6,528_6,,1,5,,,,,1,1,1,,1,4,3,3,3,1,2,3,2,2,3,5,,4,3
1505,6,529_6,23,2,8,,,,,1,1,1,1,1,5,5,6,6,6,6,4,5,6,5,6,3,5,6
1506,6,530_6,,1,5,,,,,1,1,1,2,1,6,5,5,6,3,6,7,6,6,6,5,6,6,6
1507,6,531_6,22,1,5,,,,,1,1,1,2,1,5,5,5,6,5,5,2,5,6,5,6,4,5,5
1508,6,532_6,27,1,8,,,,,1,1,1,1,1,5,4,4,6,4,4,2,3,5,6,6,4,4,5
1509,6,533_6,20,1,7,,,,,1,1,2,2,1,7,7,6,6,6,7,5,6,6,6,7,7,7,7
1510,6,534_6,,,,,,,,,,,,,,,,,,,,,,,,,,
1511,6,535_6,19,2,5,,,,,1,1,1,2,1,7,5,6,6,6,7,7,7,5,5,6,5,6,6
1512,6,536_6,22,1,5,,,,,2,2,2,2,1,6,5,6,5,5,6,6,6,6,6,4,4,5,5
1513,6,537_6,20,1,5,,,,,1,1,2,3,1,6,6,6,7,6,6,7,7,7,6,6,4,6,6
1514,6,538_6,20,2,6,,,,,1,1,2,,1,7,7,7,7,6,6,7,7,7,7,7,5,6,5
1515,6,539_6,20,2,5,,,,,1,1,1,2,1,5,5,6,4,5,5,6,5,4,5,5,6,4,5
1516,6,540_6,,,,,,,,,,,,,,,,,,,,,,,,,,
1517,6,541_6,,2,6,,,,,1,1,1,2,1,6,5,5,6,5,6,7,6,5,5,5,6,6,5
1518,6,542_6,19,1,5,,,,,1,1,1,2,1,6,4,4,6,5,5,5,4,7,5,5,3,4,4
1519,6,543_6,21,2,5,,,,,2,1,1,,1,4,5,,5,4,5,4,4,3,4,4,3,4,4
1520,6,544_6,22,1,7,,,,,1,1,2,2,1,6,3,3,4,3,4,4,2,3,3,3,2,3,3
1521,6,545_6,22,2,6,,,,,1,1,1,2,1,6,6,6,5,5,6,5,5,6,5,5,4,5,4
1522,6,546_6,,,,,,,,,,,,,,,,,,,,,,,,,,
1523,6,547_6,26,2,9,,,,,1,1,1,3,1,6,5,6,6,4,6,5,5,5,5,5,4,5,5
1524,6,548_6,21,2,8,,,,,1,1,1,2,1,5,4,5,5,4,4,3,4,4,4,4,4,4,4
1525,6,549_6,35,2,8,,,,,1,1,2,2,1,6,4,6,6,5,5,5,6,4,4,5,5,4,6
1526,6,550_6,24,2,5,,,,,2,1,2,2,1,6,5,6,6,6,7,4,5,6,6,5,4,5,5
1527,6,551_6,27,2,8,,,,,1,1,,,1,6,3,3,2,2,5,,2,3,3,6,2,2,2
1528,6,552_6,,,,,,,,,,,,,,,,,,,,,,,,,,
1529,6,553_6,21,2,5,,,,,1,1,1,2,1,5,5,5,5,4,5,4,4,5,4,4,4,4,4
1530,6,554_6,21,1,8,,,,,1,1,1,2,1,3,3,7,7,4,4,1,5,3,3,4,3,4,4
1531,6,555_6,,1,6,,,,,,,1,,1,1,5,5,6,2,5,7,7,7,7,7,2,6,7
1532,6,556_6,21,2,5,,,,,1,1,1,2,1,6,5,5,6,6,6,4,6,6,6,6,4,6,5
